Year,Field_ID,Quadrant,Mildew_Apr,Mildew_May,Mildew_Jun,Mildew_Jul,Mildew_Incidence,Mildew_Incidence_Dummy,Susceptibility_to_R6_Strains,Susceptibility_to_nonR6_Strains,Initial_strain,Pruning,FlagShoot_Incidence,FlagShoot_Incidence_Dummy,Active_Constituents,Annual_Cost,degree_centrality_R6_MayJun,degree_centrality_NonR6_MayJun,degree_centrality_R6_JunJul,degree_centrality_NonR6_JunJul,Grower_1,Grower_2,Grower_3,Grower_4,Grower_5,Grower_6,Grower_7,Grower_8,Grower_9,YearDummy_2014,YearDummy_2015,YearDummy_2016,YearDummy_2017,NE,NW,SW,SE,Grower_Ordinal,predictions,predictions1,GPS,Mildew Incidence_Dummy,ATE,ATE1
2014,1,SW,0,0,0,0.01,0.0025,1,1,1,0,3,0,0,8,619.8915,0,0,0,0,1,0,0,0,0,0,0,0,0,1,0,0,0,0,0,1,0,1,385.62554,21.00048,0.094751451,Detected,288.9143084,17.10800401
2014,2,SW,0,0,0,0.01,0.0025,1,4,4,1,3,0,0,8,619.8915,0,0,0,0,1,0,0,0,0,0,0,0,0,1,0,0,0,0,0,1,0,1,506.28972,15.78975,0.19447936,Detected,309.9666632,16.10622423
2014,3,SW,0,0,0,0.01,0.0025,1,4,4,1,3,0,0,8,619.8915,0,0,0,0,1,0,0,0,0,0,0,0,0,1,0,0,0,0,0,1,0,1,431.66342,21.18256,0.19447936,Detected,309.9666632,16.10622423
2014,4,SW,0,0,0.05,0.1,0.0375,1,2,2,1,4,0,0,8,619.8915,0,0,0,0,1,0,0,0,0,0,0,0,0,1,0,0,0,0,0,1,0,1,393.36292,20.53237,0.373452274,Detected,291.9999081,17.58125862
2014,5,SE,0,0,0,0,0,0,1,1,0,3,0,0,8,619.8915,0,0,0,0,1,0,0,0,0,0,0,0,0,1,0,0,0,0,0,0,1,1,452.76477,19.81758,0.094751451,Not Detected,315.9626788,17.55148054
2014,6,SW,0,0,0,0,0,0,1,1,0,3,0,0,8,619.8915,0,0,0,0,1,0,0,0,0,0,0,0,0,1,0,0,0,0,0,1,0,1,485.5458,20.32045,0.00620741,Detected,288.9143084,17.10800401
2014,7,SW,0,0,0.01,0.02,0.0075,1,4,4,0,4,0,0,8,619.8915,0,0,0,0,1,0,0,0,0,0,0,0,0,1,0,0,0,0,0,1,0,1,472.28975,19.43275,0.057224269,Detected,296.7826283,16.45353812
2014,9,SE,0,0,0,0.16,0.04,1,1,1,1,2,0,0,8,619.8915,0,0,0,0,1,0,0,0,0,0,0,0,0,1,0,0,0,0,0,0,1,1,495.58084,19.17715,0.151198815,Detected,253.395509,17.19651198
2014,10,NE,0,0.01,0.1,0.07,0.045,1,2,2,1,5,0,0,8,619.8915,0,0,7,2,1,0,0,0,0,0,0,0,0,1,0,0,0,1,0,0,0,1,230.56029,20.84625,0.220500303,Detected,23.71116922,16.35240672
2014,11,SE,0,0.13,0.09,0.02,0.06,1,2,2,1,3,0,0,8,619.8915,0,0,9,0,1,0,0,0,0,0,0,0,0,1,0,0,0,0,0,0,1,1,375.60744,21.70763,0.322371955,Detected,311.665375,17.74197184
2014,12,NE,0.01,0,0.48,0.12,0.1525,1,4,4,1,3,0.0025,1,10,915.9638196,0,0,0,7,1,0,0,0,0,0,0,0,0,1,0,0,0,1,0,0,0,1,564.97837,21.00061,0.199893535,Detected,-21.76725191,15.2774956
2014,13,SE,0,0,0.03,0.01,0.01,1,1,1,1,3,0,0,8,619.8915,0,0,0,0,1,0,0,0,0,0,0,0,0,1,0,0,0,0,0,0,1,1,484.60886,21.79117,0.29100885,Detected,315.9626788,17.55148054
2014,14,NE,0,0,0.36,0.09,0.1125,1,3,3,1,5,0,0,8,619.8915,0,0,0,8,1,0,0,0,0,0,0,0,0,1,0,0,0,1,0,0,0,1,356.45521,16.46893,0.372289135,Detected,-46.63104339,15.86871012
2014,15,SE,0,0.03,0.04,0.14,0.0525,1,3,3,2,3,0,0,8,619.8915,5,0,9,1,1,0,0,0,0,0,0,0,0,1,0,0,0,0,0,0,1,1,343.87353,20.55395,0.094751451,Not Detected,175.2484265,15.79196421
2014,16,SW,0,0,0,0,0,0,1,1,0,3,0,0,8,619.8915,0,0,0,0,1,0,0,0,0,0,0,0,0,1,0,0,0,0,0,1,0,1,388.88164,22.8762,0.199893535,Detected,288.9143084,17.10800401
2014,17,SE,0,0,0.01,0.04,0.0125,1,1,1,1,3,0,0,8,619.8915,0,0,0,0,1,0,0,0,0,0,0,0,0,1,0,0,0,0,0,0,1,1,388.85183,22.7063,0.348017827,Detected,315.9626788,17.55148054
2014,18,SW,0,0,0.02,0.03,0.0125,1,4,4,1,4,0,0,10,619.8915,0,0,0,0,1,0,0,0,0,0,0,0,0,1,0,0,0,0,0,1,0,1,440.12338,19.26351,0.199893535,Detected,296.7826283,16.45353812
2014,19,SE,0,0,0.01,0.02,0.0075,1,1,1,1,3,0,0,8,619.8915,0,0,0,0,1,0,0,0,0,0,0,0,0,1,0,0,0,0,0,0,1,1,470.74138,21.88035,0.357923421,Detected,315.9626788,17.55148054
2014,20,SE,0,0,0,0.05,0.0125,1,1,1,1,5,0,0,8,619.8915,0,0,0,0,1,0,0,0,0,0,0,0,0,1,0,0,0,0,0,0,1,1,415.07698,19.44781,0.299946025,Detected,301.9553089,18.02721728
2014,21,SE,0,0.01,0.02,0.13,0.04,1,4,4,1,5,0,0,10,619.8915,0,0,0,0,1,0,0,0,0,0,0,0,0,1,0,0,0,0,0,0,1,1,252.17129,19.70556,0.006185538,Not Detected,278.5768836,16.9889395
2014,22,SE,0,0,0,0,0,0,3,3,0,3,0,0,8,619.8915,0,0,0,0,1,0,0,0,0,0,0,0,0,1,0,0,0,0,0,0,1,1,388.20283,20.31418,0.146098756,Detected,294.1093274,17.04542147
2014,23,SW,0,0.0075,0.11,0.12,0.059375,1,3,3,1,4,0,0,8,619.8915,0,0,0,0,1,0,0,0,0,0,0,0,0,1,0,0,0,0,0,1,0,1,319.11568,21.67387,0.372701276,Detected,268.3637268,16.8417936
2014,25,NE,0.03,0.38,1,0.99,0.6,1,4,4,1,5,0.0275,1,8,681.5423949,0,0,14,11,0,1,0,0,0,0,0,0,0,1,0,0,0,1,0,0,0,2,612.27773,20.63405,0.25589056,Detected,-21.37087746,15.44543788
2014,26,NE,0,0.01,0.08,0.09,0.045,1,2,0,2,2,0,0,5,161.6129119,4,4,9,8,0,1,0,0,0,0,0,0,0,1,0,0,0,1,0,0,0,2,786.33697,19.56466,0.299503819,Detected,-273.0387591,15.23955393
2014,27,SE,0,0,0.12,0.42,0.135,1,4,0,2,5,0,0,13,1131.950133,0,4,0,10,0,1,0,0,0,0,0,0,0,1,0,0,0,0,0,0,1,2,303.82547,22.21018,0.297425873,Detected,-104.4692433,16.01463731
2014,28,SE,0,0,0.55,0.82,0.3425,1,4,0,2,4,0,0,13,1131.950133,0,6,0,11,0,1,0,0,0,0,0,0,0,1,0,0,0,0,0,0,1,2,522.46557,21.5245,0.354863013,Detected,16.9310052,15.71505162
2014,29,SE,0,0,0,0,0,0,1,1,0,5,0,0,4,98.14103417,0,0,0,0,0,1,0,0,0,0,0,0,0,1,0,0,0,0,0,0,1,2,334.29103,20.38528,0.235730248,Detected,267.4360908,17.47692826
2014,30,NE,0,0.12,0.88,0.39,0.3475,1,3,3,2,2,0,0,10,676.5237332,11,20,10,10,0,1,0,0,0,0,0,0,0,1,0,0,0,1,0,0,0,2,406.74779,17.42637,0.083638703,Not Detected,-152.6260984,15.34969209
2014,31,NE,0.03,0.07,0.94,0.71,0.4375,1,5,0,2,4,0.01,1,17,1733.358983,6,18,9,11,0,1,0,0,0,0,0,0,0,1,0,0,0,1,0,0,0,2,-467.51182,19.60277,0.083638703,Not Detected,-47.46439043,15.54131159
2014,32,NE,0,0,0.82,0.36,0.295,1,4,0,2,2,0,0,13,1249.933725,0,22,0,12,0,1,0,0,0,0,0,0,0,1,0,0,0,1,0,0,0,2,645.24975,19.19617,0.374206173,Detected,-117.0542165,14.89397564
2014,33,NE,0,0,0.47,0.14,0.1525,1,4,4,2,4,0,0,8,1408.945203,0,5,0,6,0,1,0,0,0,0,0,0,0,1,0,0,0,1,0,0,0,2,523.42432,20.26308,0.152808323,Not Detected,-102.2110409,15.5112135
2014,34,NE,0,0.06,0.87,1,0.4825,1,3,3,2,4,0.0025,1,10,792.2541997,7,19,10,11,0,1,0,0,0,0,0,0,0,1,0,0,0,1,0,0,0,2,270.10605,18.61106,0.152808323,Not Detected,-80.09115561,15.94544932
2014,35,NW,0,0,0,0,0,0,4,0,0,1,0,0,6,181.0814462,0,0,0,0,0,0,0,1,0,0,0,0,0,1,0,0,0,0,1,0,0,4,426.17614,19.40576,0.334920155,Detected,215.6729762,15.22298394
2014,36,NW,0,0,0,0,0,0,4,0,0,1,0,0,6,181.0814462,0,0,0,0,0,0,0,1,0,0,0,0,0,1,0,0,0,0,1,0,0,4,486.3493,20.00693,0.083638703,Not Detected,215.6729762,15.22298394
2014,37,NW,0,0,0,0.01,0.0025,1,3,3,2,3,0,0,4,168.3684892,0,0,0,0,0,0,0,1,0,0,0,0,0,1,0,0,0,0,1,0,0,4,396.54535,19.19837,0.027547424,Not Detected,234.0818033,15.8663071
2014,38,NW,0,0,0,0,0,0,4,4,0,2,0,0,4,177.1819117,0,0,0,0,0,0,0,1,0,0,0,0,0,1,0,0,0,0,1,0,0,4,422.62647,20.88227,0.349245409,Not Detected,189.9234337,15.31509349
2014,39,NW,0,0,0,0,0,0,4,4,0,2,0,0,4,177.1819117,0,0,0,0,0,0,0,1,0,0,0,0,0,1,0,0,0,0,1,0,0,4,469.09058,20.38585,0.155606114,Detected,189.9234337,15.31509349
2014,41,NW,0,0,0.02,0.02,0.01,1,3,3,2,5,0,0,3,170.8254332,0,0,0,0,0,0,0,1,0,0,0,0,0,1,0,0,0,0,1,0,0,4,251.9877,20.40783,0.199429689,Not Detected,210.8212167,16.21039138
2014,42,NW,0,0,0,0,0,0,4,0,0,1,0,0,6,174.7249677,0,0,0,0,0,0,0,1,0,0,0,0,0,1,0,0,0,0,1,0,0,4,486.64871,20.92952,0.333056859,Not Detected,215.6729762,15.22298394
2014,43,NW,0,0,0,0,0,0,3,3,0,3,0,0,4,168.3684892,0,0,0,0,0,0,0,1,0,0,0,0,0,1,0,0,0,0,1,0,0,4,502.4588,22.08329,0.155489717,Not Detected,219.4093647,16.03599241
2014,44,NW,0,0,0,0,0,0,3,3,0,2,0,0,4,168.3684892,0,0,0,0,0,0,0,1,0,0,0,0,0,1,0,0,0,0,1,0,0,4,397.99926,20.86558,0.199429689,Not Detected,161.5830101,15.75091464
2014,45,NW,0,0,0,0,0,0,1,1,0,2,0,0,4,177.1819117,0,0,0,0,0,0,0,1,0,0,0,0,0,1,0,0,0,0,1,0,0,4,384.84219,20.13156,0.330495891,Detected,179.862321,16.10292587
2014,46,NE,0,0,0,0.01,0.0025,1,2,2,2,4,0,0,12,249.1928613,0,0,0,0,0,0,0,0,1,0,0,0,0,1,0,0,0,1,0,0,0,5,346.24323,20.44697,0.161812118,Detected,194.3211777,16.63969917
2014,47,NE,0,0,0,0,0,0,1,1,0,1,0,0,9,94.34623706,0,0,0,0,0,0,0,0,1,0,0,0,0,1,0,0,0,1,0,0,0,5,336.95802,17.91788,0.228439103,Detected,73.08616305,15.95934079
2014,48,NE,0,0,0,0,0,0,3,3,0,5,0,0,2,22.79199945,0,0,0,0,0,0,0,0,1,0,0,0,0,1,0,0,0,1,0,0,0,5,374.3244,21.6749,0.335125381,Detected,175.123168,16.32148994
2014,49,NE,0,0,0,0,0,0,0,0,0,1,0,0,9,94.34623706,0,0,0,0,0,0,0,0,1,0,0,0,0,1,0,0,0,1,0,0,0,5,152.46224,21.27837,0.161812118,Detected,64.90093636,15.61834209
2014,50,NE,0,0,0,0,0,0,1,1,0,1,0,0,4,43.99487929,0,0,0,0,0,0,0,0,1,0,0,0,0,1,0,0,0,1,0,0,0,5,287.27761,20.04121,0.166525889,Detected,73.08616305,15.95934079
2014,51,NE,0,0,0.01,0,0.0025,1,1,1,2,3,0,0,4,43.99487929,0,0,0,0,0,0,0,0,1,0,0,0,0,1,0,0,0,1,0,0,0,5,501.37212,21.84123,0.260072226,Detected,159.1433285,16.25241982
2014,52,NE,0,0,0.14,0.16,0.075,1,4,0,2,4,0,0,9,172.6322107,0,10,0,0,0,0,0,0,1,0,0,0,0,1,0,0,0,1,0,0,0,5,562.51733,18.81424,0.283570122,Detected,127.8243178,16.09921611
2014,53,NE,0,0,0.08,0.25,0.0825,1,4,0,2,2,0,0,9,172.6322107,0,9,0,0,0,0,0,0,1,0,0,0,0,1,0,0,0,1,0,0,0,5,234.03643,18.96098,0.260072226,Detected,63.06348065,15.48440473
2014,54,NE,0,0,0.07,0.4,0.1175,1,4,0,2,1,0,0,9,226.4008618,0,11,0,0,0,0,0,0,1,0,0,0,0,1,0,0,0,1,0,0,0,5,166.94682,20.50406,0.371124799,Detected,61.28626467,15.44499194
2014,55,NE,0,0,0.1,0,0.025,1,4,0,2,4,0,0,9,154.6075701,0,9,0,0,0,0,0,0,1,0,0,0,0,1,0,0,0,1,0,0,0,5,364.19714,20.21179,0.133999623,Detected,127.8243178,16.09921611
2014,56,NW,0,0,0,0.43,0.1075,1,5,0,2,2,0,0,8,588.6236279,0,0,0,0,0,0,0,0,0,1,0,0,0,1,0,0,0,0,1,0,0,6,407.69374,20.60605,0.348028717,Not Detected,209.3006217,15.0722089
2014,57,NW,0,0,0,0.01,0.0025,1,4,0,2,2,0,0,8,588.6236279,0,0,0,0,0,0,0,0,0,1,0,0,0,1,0,0,0,0,1,0,0,6,419.00531,22.65171,0.260072226,Detected,209.3006217,15.0722089
2014,58,NW,0,0,0,0.19,0.0475,1,4,4,2,3,0,0,8,588.6236279,0,0,0,0,0,0,0,0,0,1,0,0,0,1,0,0,0,0,1,0,0,6,438.65757,21.49382,0.077275714,Not Detected,251.8347387,15.53547217
2014,59,NW,0,0,0.03,0.43,0.115,1,4,0,2,2,0,0,8,588.6236279,0,0,0,0,0,0,0,0,0,1,0,0,0,1,0,0,0,0,1,0,0,6,383.21534,21.15868,0.371498059,Not Detected,209.3006217,15.0722089
2014,60,NW,0,0,0,0.02,0.005,1,3,3,2,1,0,0,6,390.5186827,0,0,0,0,0,0,0,0,0,1,0,0,0,1,0,0,0,0,1,0,0,6,365.37299,19.17589,0.348028717,Not Detected,167.2574717,15.55525486
2014,61,NW,0,0,0.06,0.18,0.06,1,4,0,2,2,0,0,8,360.1029869,0,3,0,0,0,0,0,0,0,1,0,0,0,1,0,0,0,0,1,0,0,6,227.22975,20.47459,0.086312888,Detected,53.50951703,15.55357573
2014,62,NW,0,0,0,0,0,0,1,1,0,3,0,0,4,205.3100205,0,0,0,0,0,0,0,0,0,1,0,0,0,1,0,0,0,0,1,0,0,6,486.99215,20.17926,0.197942281,Not Detected,231.393233,16.46534775
2014,63,NW,0,0,0.02,0.01,0.0075,1,4,0,2,2,0,0,8,353.7465084,0,0,0,0,0,0,0,0,0,1,0,0,0,1,0,0,0,0,1,0,0,6,466.22158,22.26391,0.052212702,Detected,209.3006217,15.0722089
2014,64,NW,0,0,0,0,0,0,3,3,0,1,0,0,6,390.5186827,0,0,0,0,0,0,0,0,0,1,0,0,0,1,0,0,0,0,1,0,0,6,303.78377,21.28301,0.097220166,Not Detected,160.3902384,15.71721115
2014,65,NW,0,0,0,0,0,0,3,3,0,2,0,0,4,205.3100205,0,0,0,0,0,0,0,0,0,1,0,0,0,1,0,0,0,0,1,0,0,6,337.82286,19.7657,0.007327799,Detected,159.5685937,15.75091464
2014,66,NW,0,0,0,0,0,0,1,1,0,3,0,0,4,352.2182979,0,0,0,0,0,0,0,0,0,1,0,0,0,1,0,0,0,0,1,0,0,6,315.95198,18.11807,0.374061371,Detected,231.393233,16.46534775
2014,67,SE,0,0,0,0.01,0.0025,1,4,4,2,1,0,0,10,615.672063,0,0,0,0,0,0,0,0,0,0,1,0,0,1,0,0,0,0,0,0,1,7,298.2819,22.24817,0.330685016,Detected,266.7096224,15.51441715
2014,68,SE,0,0,0,0,0,0,2,2,0,1,0,0,9,611.7720583,0,0,0,0,0,0,0,0,0,0,1,0,0,1,0,0,0,0,0,0,1,7,426.58762,19.58275,0.374061371,Detected,231.2276699,16.85903199
2014,69,SE,0,0,0,0.02,0.005,1,1,1,2,2,0,0,9,611.7720583,0,0,0,0,0,0,0,0,0,0,1,0,0,1,0,0,0,0,0,0,1,7,395.18303,18.32047,0.330685016,Detected,242.9682254,16.57039577
2014,70,SE,0,0,0,0,0,0,0,0,0,1,0,0,7,231.1559311,0,0,0,0,0,0,0,0,0,0,1,0,0,1,0,0,0,0,0,0,1,7,453.96847,22.20146,0.011760785,Detected,228.389224,16.31080951
2014,71,SE,0,0,0.01,0.02,0.0075,1,1,1,1,3,0,0,11,707.7860817,0,0,0,0,0,0,0,0,0,0,1,0,0,1,0,0,0,0,0,0,1,7,463.98934,20.73063,0.373664493,Not Detected,295.2613123,17.04667923
2014,72,SE,0,0,0.05,0.041237113,0.022809278,1,3,3,1,2,0,0,7,410.0667605,0,0,0,0,0,0,0,0,0,0,1,0,0,1,0,0,0,0,0,0,1,7,312.49619,19.74318,0.112935481,Detected,214.0100548,16.29573595
2014,73,SE,0,0,0.01,0,0.0025,1,3,3,1,1,0,0,10,556.4118187,0,0,0,0,0,0,0,0,0,0,1,0,0,1,0,0,0,0,0,0,1,7,448.59891,19.75599,0.171552844,Detected,210.5882578,16.19575528
2014,74,SE,0,0,0,0.01,0.0025,1,3,3,1,2,0,0,5,484.7595319,0,0,0,0,0,0,0,0,0,0,1,0,0,1,0,0,0,0,0,0,1,7,355.14726,19.10551,0.374061371,Detected,214.0100548,16.29573595
2014,75,SE,0,0,0.04,0.03,0.0175,1,3,3,1,1,0,0,10,841.2732996,0,0,0,0,0,0,0,0,0,0,1,0,0,1,0,0,0,0,0,0,1,7,440.57084,21.90629,0.037798836,Detected,210.5882578,16.19575528
2014,76,SE,0,0,0,0.01,0.0025,1,1,1,1,1,0,0,11,428.0914011,0,0,0,0,0,0,0,0,0,0,1,0,0,1,0,0,0,0,0,0,1,7,396.70979,19.36937,0.374061371,Detected,229.6667089,16.66898486
2014,77,SE,0,0,0,0,0,0,1,1,0,3,0,0,11,403.710282,0,0,0,0,0,0,0,0,0,0,1,0,0,1,0,0,0,0,0,0,1,7,560.53172,21.58917,0.224208422,Detected,295.2613123,17.04667923
2014,78,SE,0,0,0.02,0.05,0.0175,1,3,3,2,1,0,0,10,653.3501499,0,0,0,0,0,0,0,0,0,0,1,0,0,1,0,0,0,0,0,0,1,7,425.7769,15.80718,0.097220166,Not Detected,220.2724278,16.01800074
2014,79,SE,0,0,0,0.05,0.0125,1,3,3,2,2,0,0,10,706.076121,0,0,0,0,0,0,0,0,0,0,1,0,0,1,0,0,0,0,0,0,1,7,469.19649,20.22796,0.308761864,Detected,223.420739,16.1151889
2014,81,SE,0,0,0.03,0.02,0.0125,1,3,3,1,2,0,0,7,425.4355593,0,0,0,0,0,0,0,0,0,0,1,0,0,1,0,0,0,0,0,0,1,7,442.86851,20.13564,0.104452103,Detected,214.0100548,16.29573595
2014,82,SE,0,0,0,0.04,0.01,1,3,3,0,5,0,0,3,156.7425463,0,0,0,0,0,0,0,0,0,0,1,0,0,1,0,0,0,0,0,0,1,7,389.92267,20.79891,0.308133091,Detected,249.1920102,16.9270015
2014,83,SE,0,0,0.05,0.06,0.0275,1,3,3,1,2,0,0,7,403.710282,0,0,0,0,0,0,0,0,0,0,1,0,0,1,0,0,0,0,0,0,1,7,328.8603,20.00811,0.330685016,Detected,214.0100548,16.29573595
2014,84,SE,0,0,0.03,0,0.0075,1,4,0,2,2,0,0,10,563.0729215,0,0,0,0,0,0,0,0,0,0,1,0,0,1,0,0,0,0,0,0,1,7,487.86308,19.2674,0.347994804,Not Detected,287.8679562,15.49724743
2014,85,SE,0,0,0,0,0,0,0,0,0,1,0,0,7,227.9776919,0,0,0,0,0,0,0,0,0,0,1,0,0,1,0,0,0,0,0,0,1,7,390.67074,21.09355,0.010091797,Detected,228.389224,16.31080951
2014,86,SE,0,0,0.01,0.03,0.01,1,3,3,1,3,0,0,3,406.8885213,0,0,0,0,0,0,0,0,0,0,1,0,0,1,0,0,0,0,0,0,1,7,420.12654,20.233,0.040553516,Not Detected,278.0164372,16.55222686
2014,87,SE,0,0,0.01,0,0.0025,1,1,1,2,4,0,0,5,307.0928654,0,0,0,0,0,0,0,0,0,0,1,0,0,1,0,0,0,0,0,0,1,7,422.90263,19.64167,0.189811607,Not Detected,306.5544019,17.18032643
2014,88,SE,0,0.04,0.13,0.16,0.0825,1,3,3,1,2,0.005,1,7,410.0667605,0,0,24,0,0,0,0,0,0,0,1,0,0,1,0,0,0,0,0,0,1,7,551.18674,19.56736,0.231717333,Detected,226.5773157,16.42356139
2014,89,SE,0,0,0,0.01,0.0025,1,3,3,1,1,0,0,10,644.3378296,0,0,0,0,0,0,0,0,0,0,1,0,0,1,0,0,0,0,0,0,1,7,303.30907,19.98721,0.21760882,Detected,210.5882578,16.19575528
2014,90,SE,0,0,0,0,0,0,1,1,0,1,0,0,9,747.3117247,0,0,0,0,0,0,0,0,0,0,1,0,0,1,0,0,0,0,0,0,1,7,481.62732,18.58323,0.312023744,Not Detected,229.6667089,16.66898486
2014,91,SW,0,0,0,0.02,0.005,1,3,3,1,3,0,0,7,500.8500962,0,0,0,0,0,0,0,0,0,0,1,0,0,1,0,0,0,0,0,1,0,7,407.8968,21.70608,0.36223238,Detected,256.6156028,16.01044275
2014,92,SW,0,0,0,0,0,0,4,4,0,4,0,0,10,406.8885213,0,0,0,0,0,0,0,0,0,0,1,0,0,1,0,0,0,0,0,1,0,7,507.31782,20.12729,0.181160494,Detected,275.9758641,15.91892511
2014,93,SW,0,0,0,0,0,0,0,0,0,1,0,0,7,218.9653716,0,0,0,0,0,0,0,0,0,0,1,0,0,1,0,0,0,0,0,1,0,7,456.3154,18.19424,0.183156016,Detected,202.670734,15.7690337
2014,95,NE,0,0,0.28,0.05,0.0825,1,5,0,2,4,0,0,9,393.2230045,0,10,0,0,0,0,0,0,0,0,0,0,1,1,0,0,0,1,0,0,0,9,313.60519,19.54375,0.067188279,Detected,133.3681431,15.92486378
2014,96,NE,0,0,1,0.3,0.325,1,4,0,2,3,0,0,8,404.8911666,0,11,0,7,0,0,0,0,0,0,0,0,1,1,0,0,0,1,0,0,0,9,237.17056,21.2429,0.314818098,Detected,-83.64198627,14.71162446
2014,97,NW,0,0,0,0,0,0,1,1,0,4,0,0,9,264.9944838,0,0,0,0,0,0,0,0,0,0,0,0,1,1,0,0,0,0,1,0,0,9,344.39981,19.43654,0.229018586,Detected,267.212456,16.63609796
2014,98,NW,0,0.01,0.02,0.06,0.0225,1,3,3,2,3,0.0025,1,10,405.8100852,9,4,5,0,0,0,0,0,0,0,0,0,1,1,0,0,0,0,1,0,0,9,331.12658,20.78586,0.314818098,Detected,80.19779047,16.19786532
2014,99,NW,0,0,0.01,0.06,0.0175,1,3,3,2,4,0,0,9,261.8162446,0,0,0,0,0,0,0,0,0,0,0,0,1,1,0,0,0,0,1,0,0,9,338.07727,19.20343,0.038186068,Detected,259.7416504,16.00344087
2014,100,NW,0,0,0.4,0.12,0.13,1,4,0,2,1,0,0,8,588.5002855,0,10,0,5,0,0,0,0,0,0,0,0,1,1,0,0,0,0,1,0,0,9,363.27964,20.43297,0.113013067,Detected,-58.66446576,14.5582432
2014,101,NW,0,0,0.75,0.36,0.2775,1,4,0,2,4,0,0,8,740.5787644,0,20,0,6,0,0,0,0,0,0,0,0,1,1,0,0,0,0,1,0,0,9,455.57849,20.36282,0.014826348,Detected,-18.07907657,15.11869877
2014,102,NW,0,0,0.49,0.48,0.2425,1,4,0,2,3,0,0,8,740.5787644,0,22,0,9,0,0,0,0,0,0,0,0,1,1,0,0,0,0,1,0,0,9,267.01241,19.61893,0.374686053,Not Detected,-37.64201174,14.70094529
2014,103,NW,0,0,0.01,0,0.0025,1,4,4,2,4,0,0,12,570.4756449,0,0,0,0,0,0,0,0,0,0,0,0,1,1,0,0,0,0,1,0,0,9,324.35395,21.35747,0.310274744,Not Detected,268.1754457,15.6685537
2014,104,NW,0,0,0.89,0.22,0.2775,1,4,0,2,3,0,0,8,570.4756449,0,24,0,9,0,0,0,0,0,0,0,0,1,1,0,0,0,0,1,0,0,9,146.76301,19.77079,0.310274744,Not Detected,-37.64201174,14.70094529
2014,105,NW,0,0.01,0.09,0.1,0.05,1,3,3,2,5,0,0,8,200.4894405,11,11,5,0,0,0,0,0,0,0,0,0,1,1,0,0,0,0,1,0,0,9,405.65109,17.13801,0.058847628,Not Detected,133.8674522,16.39292549
2014,106,NW,0,0.03,0.3,0.44,0.1925,1,5,0,2,5,0,0,9,393.2230045,10,8,4,2,0,0,0,0,0,0,0,0,1,1,0,0,0,0,1,0,0,9,400.13369,22.35345,0.363054835,Detected,-4.07739755,15.24967985
2014,107,NW,0.01,0,0.08,0.07,0.04,1,3,3,2,5,0,0,8,498.6409669,0,3,0,0,0,0,0,0,0,0,0,0,1,1,0,0,0,0,1,0,0,9,94.08719,21.19049,0.374686053,Not Detected,74.34243502,16.39292549
2014,108,NW,0.08,0.2,1,0.89,0.5425,1,4,0,2,2,0.025,1,8,1014.380015,19,20,9,6,0,0,0,0,0,0,0,0,1,1,0,0,0,0,1,0,0,9,-474.34742,22.02436,0.310274744,Not Detected,-63.76373522,14.63804508
2015,1,SW,0,0,0,0,0,0,1,1,0,5,0,0,5,500.424066,0,0,0,0,1,0,0,0,0,0,0,0,0,0,1,0,0,0,0,1,0,1,493.5411,21.04829,0.298726732,Detected,361.1884742,18.13969667
2015,2,SW,0,0,0,0,0,0,4,4,0,5,0,0,5,500.424066,0,0,0,0,1,0,0,0,0,0,0,0,0,0,1,0,0,0,0,1,0,1,532.14033,21.63594,0.352187331,Detected,334.5028175,17.11388256
2015,3,SW,0,0,0,0,0,0,4,4,0,5,0,0,5,500.424066,0,0,0,0,1,0,0,0,0,0,0,0,0,0,1,0,0,0,0,1,0,1,349.35304,20.54238,0.071697481,Detected,334.5028175,17.11388256
2015,4,SW,0,0,0,0,0,0,2,2,0,5,0,0,5,500.424066,0,0,0,0,1,0,0,0,0,0,0,0,0,0,1,0,0,0,0,1,0,1,478.91976,19.14961,0.150175511,Detected,362.6745389,18.2123414
2015,5,SE,0,0,0.01,0,0.0025,1,1,1,0,4,0,0,5,500.424066,0,0,0,0,1,0,0,0,0,0,0,0,0,0,1,0,0,0,0,0,1,1,546.44378,21.37609,0.011736543,Detected,417.2753089,18.55292236
2015,6,SW,0,0,0,0,0,0,1,1,0,5,0,0,5,500.424066,0,0,0,0,1,0,0,0,0,0,0,0,0,0,1,0,0,0,0,1,0,1,454.69958,20.04659,0.03226455,Detected,361.1884742,18.13969667
2015,7,SW,0,0,0,0,0,0,4,4,0,5,0,0,5,500.424066,0,0,0,0,1,0,0,0,0,0,0,0,0,0,1,0,0,0,0,1,0,1,513.24327,18.81365,0.374686053,Not Detected,334.5028175,17.11388256
2015,8,SE,0,0.005,0.24,0.03,0.06875,1,1,1,1,5,0.00125,1,5,500.424066,0,0,0,2,1,0,0,0,0,0,0,0,0,0,1,0,0,0,0,0,1,1,388.79407,19.89656,0.310274744,Not Detected,196.1126348,17.41248098
2015,9,NE,0,0.01,0.6,0,0.1525,1,2,2,1,4,0.0025,1,5,500.424066,0,0,0,2,1,0,0,0,0,0,0,0,0,0,1,0,0,1,0,0,0,1,560.78735,22.94056,0.257206745,Not Detected,96.17433465,16.77125575
2015,10,SE,0,0,0.08,0.08,0.04,1,2,2,1,5,0,0,5,500.424066,0,0,0,0,1,0,0,0,0,0,0,0,0,0,1,0,0,0,0,0,1,1,592.21396,20.67665,0.257206745,Not Detected,382.4778313,18.84858621
2015,11,NE,0.005,0,0.15,0,0.03875,1,4,4,1,5,0,0,5,500.424066,0,0,0,0,1,0,0,0,0,0,0,0,0,0,1,0,0,1,0,0,0,1,577.35036,20.32589,0.108276612,Not Detected,270.6281412,17.06885078
2015,12,NE,0,0,0.03,0,0.0075,1,3,3,0,4,0,0,5,500.424066,0,0,0,0,1,0,0,0,0,0,0,0,0,0,1,0,0,1,0,0,0,1,471.3178,20.25735,0.064391654,Not Detected,261.1489216,17.28839821
2015,13,SE,0,0,0.35,0.09,0.11,1,3,3,0,3,0,0,5,500.424066,0,3,0,5,1,0,0,0,0,0,0,0,0,0,1,0,0,0,0,0,1,1,498.82774,20.63244,0.370868528,Not Detected,13.21420228,16.83800695
2015,14,SW,0,0,0,0,0,0,1,1,0,5,0,0,5,500.424066,0,0,0,0,1,0,0,0,0,0,0,0,0,0,1,0,0,0,0,1,0,1,487.03271,21.11313,0.114626161,Detected,361.1884742,18.13969667
2015,15,SW,0,0,0,0,0,0,4,4,0,5,0,0,5,500.424066,0,0,0,0,1,0,0,0,0,0,0,0,0,0,1,0,0,0,0,1,0,1,462.28203,20.12897,0.205620734,Detected,334.5028175,17.11388256
2015,16,SE,0,0,0,0,0,0,1,1,0,5,0,0,5,500.424066,0,0,0,0,1,0,0,0,0,0,0,0,0,0,1,0,0,0,0,0,1,1,670.87273,21.31082,0.126267102,Detected,385.0170795,18.64667012
2015,17,SE,0,0,0,0,0,0,1,1,0,5,0,0,5,500.424066,0,0,0,0,1,0,0,0,0,0,0,0,0,0,1,0,0,0,0,0,1,1,588.38519,19.97308,0.150735648,Detected,385.0170795,18.64667012
2015,18,SE,0,0,0,0,0,0,4,4,0,5,0,0,5,500.424066,0,0,0,0,1,0,0,0,0,0,0,0,0,0,1,0,0,0,0,0,1,1,492.15926,19.40993,0.370837527,Detected,347.795266,17.62313099
2015,19,SE,0,0,0,0,0,0,3,3,0,5,0,0,5,500.424066,0,0,0,0,1,0,0,0,0,0,0,0,0,0,1,0,0,0,0,0,1,1,480.94512,21.05115,0.254239993,Detected,351.3208743,18.14536946
2015,20,SW,0,0,0,0,0,0,3,3,0,5,0,0,5,500.424066,0,0,0,0,1,0,0,0,0,0,0,0,0,0,1,0,0,0,0,1,0,1,446.85491,20.31818,0.363599532,Detected,332.4827841,17.45976457
2015,22,NE,0,0,0.03,0.8,0.2075,1,4,4,0,4,0,0,10,539.9247255,0,1,0,0,0,1,0,0,0,0,0,0,0,0,1,0,0,1,0,0,0,2,479.05155,18.80213,0.051037237,Detected,200.6889378,17.02253978
2015,23,NE,0,0,0.03,0.11,0.035,1,2,0,2,5,0,0,8,599.2147682,0,2,0,0,0,1,0,0,0,0,0,0,0,0,1,0,0,1,0,0,0,2,163.41065,20.27623,0.375134044,Detected,137.0180355,17.62222676
2015,24,SE,0,0,0,0.01,0.0025,1,4,0,2,3,0,0,5,342.3716547,0,3,0,6,0,1,0,0,0,0,0,0,0,0,1,0,0,0,0,0,1,2,239.48397,22.23196,0.08324747,Detected,85.81415808,15.89693744
2015,25,SE,0,0,0.02,0,0.005,1,4,0,2,2,0,0,5,342.3716547,0,0,0,0,0,1,0,0,0,0,0,0,0,0,1,0,0,0,0,0,1,2,531.40132,21.71137,0.263551939,Not Detected,444.9537692,16.46246995
2015,26,SE,0,0,0,0,0,0,1,1,0,3,0,0,5,184.095108,0,0,0,0,0,1,0,0,0,0,0,0,0,0,1,0,0,0,0,0,1,2,736.87268,17.56624,0.263551939,Not Detected,474.5881097,17.63460201
2015,27,NE,0,0,0.33,0.02,0.0875,1,3,3,0,4,0,0,3,179.6358646,0,5,0,2,0,1,0,0,0,0,0,0,0,0,1,0,0,1,0,0,0,2,340.02628,16.43593,0.089218153,Detected,-17.82671684,16.41350007
2015,28,NE,0.005,0,0.37,1,0.34375,1,5,0,2,5,0.00875,1,6,570.307844,0,1,0,0,0,1,0,0,0,0,0,0,0,0,1,0,0,1,0,0,0,2,325.30345,22.0633,0.263551939,Not Detected,176.7099894,17.3467534
2015,29,NE,0,0,0.98,0.59,0.3925,1,4,0,2,2,0,0,5,612.7690768,0,17,0,9,0,1,0,0,0,0,0,0,0,0,1,0,0,1,0,0,0,2,160.81221,22.41637,0.291157348,Not Detected,-9.279640406,15.50756846
2015,30,NE,0,0,0.3,0.9,0.3,1,4,4,0,4,0,0,10,414.8277383,0,2,0,1,0,1,0,0,0,0,0,0,0,0,1,0,0,1,0,0,0,2,344.88989,21.49479,0.080366182,Not Detected,91.10508314,16.06950831
2015,31,NE,0,0,0.22,1,0.305,1,3,3,0,5,0,0,3,414.8277383,0,4,0,3,0,1,0,0,0,0,0,0,0,0,1,0,0,1,0,0,0,2,251.6604,17.96107,0.375340408,Not Detected,-102.0502785,16.46358456
2015,32,NE,0,0,0.17,0.03,0.05,1,4,4,0,4,0,0,10,414.8277383,0,0,0,0,0,1,0,0,0,0,0,0,0,0,1,0,0,1,0,0,0,2,539.90999,19.90912,0.274272978,Not Detected,315.5193791,16.61072219
2015,33,SW,0,0,0,0,0,0,3,3,0,5,0,0,4,254.7508503,0,0,0,0,0,0,1,0,0,0,0,0,0,0,1,0,0,0,0,1,0,3,551.47251,19.97517,0.274272978,Not Detected,336.519239,16.85724088
2015,34,SW,0,0,0,0,0,0,3,3,0,5,0,0,5,272.7754909,0,0,0,0,0,0,1,0,0,0,0,0,0,0,1,0,0,0,0,1,0,3,544.90467,19.49111,0.291506282,Not Detected,336.519239,16.85724088
2015,35,SW,0,0,0,0.01,0.0025,1,1,1,0,5,0,0,5,272.7754909,0,0,0,0,0,0,1,0,0,0,0,0,0,0,1,0,0,0,0,1,0,3,524.33721,19.34391,0.078747389,Detected,366.537374,17.50608082
2015,36,SW,0,0,0,0,0,0,3,3,0,5,0,0,5,272.7754909,0,0,0,0,0,0,1,0,0,0,0,0,0,0,1,0,0,0,0,1,0,3,498.65841,22.9922,0.291157348,Not Detected,336.519239,16.85724088
2015,37,NW,0,0,0,0,0,0,4,0,0,2,0,0,4,182.5706301,0,0,0,0,0,0,0,1,0,0,0,0,0,0,1,0,0,0,1,0,0,4,462.3847,20.99889,0.375340408,Not Detected,372.6030335,15.7451893
2015,38,NW,0,0,0,0,0,0,4,0,0,1,0,0,4,182.5706301,0,0,0,0,0,0,0,1,0,0,0,0,0,0,1,0,0,0,1,0,0,4,521.38231,19.99447,0.375340408,Not Detected,373.3835823,15.76504445
2015,39,NW,0,0,0,0,0,0,3,3,0,1,0,0,3,126.5299553,0,0,0,0,0,0,0,1,0,0,0,0,0,0,1,0,0,0,1,0,0,4,530.64683,23.07824,0.095618674,Not Detected,312.7912269,16.24125245
2015,40,NW,0,0,0,0,0,0,4,4,0,1,0,0,4,141.4533914,0,0,0,0,0,0,0,1,0,0,0,0,0,0,1,0,0,0,1,0,0,4,435.583,20.22951,0.329243566,Not Detected,325.7277984,15.86938235
2015,41,NW,0,0,0,0,0,0,4,4,0,1,0,0,4,120.8947721,0,0,0,0,0,0,0,1,0,0,0,0,0,0,1,0,0,0,1,0,0,4,386.57181,21.3272,0.329243566,Not Detected,325.7277984,15.86938235
2015,42,NW,0,0,0,0,0,0,2,0,0,1,0,0,4,120.8947721,0,0,0,0,0,0,0,1,0,0,0,0,0,0,1,0,0,0,1,0,0,4,533.20631,19.20451,0.250143538,Not Detected,344.9868903,16.39131484
2015,43,NW,0,0,0.01,0,0.0025,1,3,3,1,3,0,0,5,185.5205038,0,0,0,0,0,0,0,1,0,0,0,0,0,0,1,0,0,0,1,0,0,4,511.52979,21.63617,0.297060133,Not Detected,377.0981073,16.53648137
2015,44,NW,0,0,0,0,0,0,4,0,0,2,0,0,4,182.5706301,0,0,0,0,0,0,0,1,0,0,0,0,0,0,1,0,0,0,1,0,0,4,437.40582,22.89394,0.065271991,Detected,372.6030335,15.7451893
2015,45,NW,0,0,0,0,0,0,3,3,0,1,0,0,3,126.5299553,0,0,0,0,0,0,0,1,0,0,0,0,0,0,1,0,0,0,1,0,0,4,565.68678,21.07945,0.065271991,Detected,312.7912269,16.24125245
2015,46,NW,0,0,0,0,0,0,3,3,0,1,0,0,3,126.5299553,0,0,0,0,0,0,0,1,0,0,0,0,0,0,1,0,0,0,1,0,0,4,507.01355,19.15996,0.250271468,Detected,312.7912269,16.24125245
2015,47,NW,0,0,0,0,0,0,0,0,0,1,0,0,3,117.7165328,0,0,0,0,0,0,0,1,0,0,0,0,0,0,1,0,0,0,1,0,0,4,512.75768,21.45599,0.011440124,Detected,343.9512719,16.37077579
2015,49,NE,0,0,0,0,0,0,1,1,0,4,0,0,4,137.1272543,0,0,0,0,0,0,0,0,1,0,0,0,0,0,1,0,0,1,0,0,0,5,510.377,29.13091,0.274640898,Detected,265.4807758,17.24410812
2015,50,NE,0,0,0,0,0,0,1,1,0,4,0,0,4,137.1272543,0,0,0,0,0,0,0,0,1,0,0,0,0,0,1,0,0,1,0,0,0,5,589.42519,19.71429,0.134870246,Detected,265.4807758,17.24410812
2015,51,NE,0,0,0,0,0,0,3,3,0,3,0,0,4,137.1272543,0,0,0,0,0,0,0,0,1,0,0,0,0,0,1,0,0,1,0,0,0,5,497.63146,19.75769,0.1541239,Not Detected,290.5090626,16.38855287
2015,52,NE,0,0,0,0,0,0,0,0,0,4,0,0,2,36.04928117,0,0,0,0,0,0,0,0,1,0,0,0,0,0,1,0,0,1,0,0,0,5,503.42253,21.25274,0.366262373,Detected,265.2309604,16.86706229
2015,55,NE,0,0,0.01,0,0.0025,1,4,0,2,3,0,0,8,388.79704,0,0,0,0,0,0,0,0,1,0,0,0,0,0,1,0,0,1,0,0,0,5,529.66568,20.33211,0.322115086,Detected,326.7453317,15.77637108
2015,56,NE,0,0,0.01,0.02,0.0075,1,4,0,2,3,0,0,8,405.6789438,0,0,0,0,0,0,0,0,1,0,0,0,0,0,1,0,0,1,0,0,0,5,665.29087,21.11847,0.330106959,Not Detected,326.7453317,15.77637108
2015,57,NE,0,0,0.61,0.02,0.1575,1,4,0,2,2,0,0,8,520.0141986,0,9,0,2,0,0,0,0,1,0,0,0,0,0,1,0,0,1,0,0,0,5,344.75242,20.60459,0.322115086,Detected,23.17557745,15.27721736
2015,58,NE,0,0,0.71,0.09,0.2,1,4,0,2,3,0,0,8,405.6789438,0,5,0,0,0,0,0,0,1,0,0,0,0,0,1,0,0,1,0,0,0,5,399.46544,22.46337,0.179191355,Detected,165.2851493,16.22350334
2015,59,NE,0,0,0,0.01,0.0025,1,3,3,2,5,0,0,5,155.1518949,0,0,0,0,0,0,0,0,1,0,0,0,0,0,1,0,0,1,0,0,0,5,355.84261,19.74298,0.1541239,Not Detected,263.5909387,16.70263367
2015,60,NW,0,0,0.16,0.11,0.0675,1,5,0,2,2,0,0,4,241.8024216,0,0,0,0,0,0,0,0,0,1,0,0,0,0,1,0,0,0,1,0,0,6,428.98077,21.10106,0.330106959,Not Detected,363.520138,15.68287652
2015,61,NW,0,0,0,0,0,0,4,0,0,2,0,0,4,241.8024216,0,0,0,0,0,0,0,0,0,1,0,0,0,0,1,0,0,0,1,0,0,6,566.89784,20.01076,0.330106959,Not Detected,372.7620279,15.7451893
2015,62,NW,0,0,0.24,0.04,0.07,1,4,4,2,1,0,0,4,241.8024216,0,0,0,0,0,0,0,0,0,1,0,0,0,0,1,0,0,0,1,0,0,6,447.0204,21.57703,0.349134364,Not Detected,317.9847019,15.80557785
2015,63,NW,0,0,0,0.01,0.0025,1,4,0,2,1,0,0,4,241.8024216,0,0,0,0,0,0,0,0,0,1,0,0,0,0,1,0,0,0,1,0,0,6,555.86028,22.58513,0.371424411,Not Detected,364.234774,15.7022667
2015,64,NW,0,0,0,0,0,0,3,3,0,2,0,0,4,261.6240067,0,0,0,0,0,0,0,0,0,1,0,0,0,0,1,0,0,0,1,0,0,6,422.61205,20.21639,0.280267313,Not Detected,321.2069229,16.27485387
2015,65,NW,0,0,0,0.01,0.0025,1,4,0,2,1,0,0,4,261.6240067,0,0,0,0,0,0,0,0,0,1,0,0,0,0,1,0,0,0,1,0,0,6,549.56289,21.81093,0.317424378,Not Detected,364.234774,15.7022667
2015,66,NW,0,0,0.01,0.01,0.005,1,1,1,0,2,0,0,2,87.00945517,0,0,0,0,0,0,0,0,0,1,0,0,0,0,1,0,0,0,1,0,0,6,535.01258,21.16146,0.221554526,Not Detected,344.9240084,16.64376549
2015,67,NW,0,0,0,0,0,0,4,0,0,2,0,0,4,261.6240067,0,0,0,0,0,0,0,0,0,1,0,0,0,0,1,0,0,0,1,0,0,6,441.50043,23.47126,0.200170619,Not Detected,372.7620279,15.7451893
2015,68,NW,0,0,0,0,0,0,3,3,0,2,0,0,4,87.00945517,0,0,0,0,0,0,0,0,0,1,0,0,0,0,1,0,0,0,1,0,0,6,483.13266,19.53505,0.374923856,Not Detected,321.2069229,16.27485387
2015,69,NW,0,0,0,0,0,0,3,3,0,2,0,0,4,241.8024216,0,0,0,0,0,0,0,0,0,1,0,0,0,0,1,0,0,0,1,0,0,6,434.44447,20.15456,0.374970461,Not Detected,321.2069229,16.27485387
2015,70,NW,0,0,0,0,0,0,1,1,0,3,0,0,2,147.8408467,0,0,0,0,0,0,0,0,0,1,0,0,0,0,1,0,0,0,1,0,0,6,426.13952,20.31491,0.374970461,Not Detected,396.2439906,16.98460179
2015,71,SE,0,0,0,0,0,0,4,4,0,5,0,0,3,119.1967926,0,0,0,0,0,0,0,0,0,0,1,0,0,0,1,0,0,0,0,0,1,7,371.12122,21.5053,0.374970461,Not Detected,350.4490998,16.94564543
2015,72,SE,0,0,0,0,0,0,2,2,0,5,0,0,4,213.1583674,0,0,0,0,0,0,0,0,0,0,1,0,0,0,1,0,0,0,0,0,1,7,499.21356,19.7285,0.137093078,Not Detected,385.6094505,18.0980597
2015,73,SE,0,0,0,0,0,0,1,1,0,5,0,0,4,213.1583674,0,0,0,0,0,0,0,0,0,0,1,0,0,0,1,0,0,0,0,0,1,7,539.28356,20.59384,0.137093078,Not Detected,388.0577882,17.94063965
2015,74,SE,0,0,0,0,0,0,0,0,0,5,0,0,3,119.1967926,0,0,0,0,0,0,0,0,0,0,1,0,0,0,1,0,0,0,0,0,1,7,524.04741,23.33017,0.374923856,Not Detected,394.6378511,17.77408655
2015,75,SE,0,0,0,0,0,0,1,1,0,2,0,0,7,339.9061906,0,0,0,0,0,0,0,0,0,0,1,0,0,0,1,0,0,0,0,0,1,7,619.32861,21.27303,0.366530095,Not Detected,393.9481786,17.39046037
2015,76,SE,0,0,0,0,0,0,3,3,0,4,0,0,5,262.6953127,0,0,0,0,0,0,0,0,0,0,1,0,0,0,1,0,0,0,0,0,1,7,522.41961,21.60467,0.349080899,Not Detected,391.1057585,17.41024557
2015,77,SE,0,0,0,0,0,0,3,3,0,5,0,0,4,213.1583674,0,0,0,0,0,0,0,0,0,0,1,0,0,0,1,0,0,0,0,0,1,7,487.42946,15.24159,0.374970461,Not Detected,353.2357826,17.4593093
2015,78,SE,0,0,0,0,0,0,3,3,0,5,0,0,5,312.2322579,0,0,0,0,0,0,0,0,0,0,1,0,0,0,1,0,0,0,0,0,1,7,506.36666,20.22009,0.366530095,Not Detected,353.2357826,17.4593093
2015,79,SE,0,0,0,0,0,0,3,3,0,5,0,0,4,253.3512912,0,0,0,0,0,0,0,0,0,0,1,0,0,0,1,0,0,0,0,0,1,7,448.94626,20.98047,0.374970461,Not Detected,353.2357826,17.4593093
2015,80,SE,0,0,0,0,0,0,1,1,0,3,0,0,7,339.9061906,0,0,0,0,0,0,0,0,0,0,1,0,0,0,1,0,0,0,0,0,1,7,535.94137,22.01032,0.060957961,Not Detected,456.3667987,17.53092349
2015,81,SE,0,0,0,0,0,0,1,1,0,3,0,0,7,303.8569094,0,0,0,0,0,0,0,0,0,0,1,0,0,0,1,0,0,0,0,0,1,7,565.70564,20.39319,0.221554526,Not Detected,456.3667987,17.53092349
2015,82,SE,0,0,0,0,0,0,3,3,0,4,0,0,4,312.2322579,0,0,0,0,0,0,0,0,0,0,1,0,0,0,1,0,0,0,0,0,1,7,535.04968,19.09602,0.374923856,Not Detected,391.1057585,17.41024557
2015,83,SE,0,0,0,0,0,0,3,3,0,1,0,0,4,267.8076282,0,0,0,0,0,0,0,0,0,0,1,0,0,0,1,0,0,0,0,0,1,7,518.37275,21.08279,0.35522844,Not Detected,355.4923674,16.8249822
2015,84,SE,0,0,0,0,0,0,1,1,0,1,0,0,7,214.0389771,0,0,0,0,0,0,0,0,0,0,1,0,0,0,1,0,0,0,0,0,1,7,637.05084,22.17854,0.374970461,Not Detected,379.4945835,17.28183516
2015,85,SE,0,0,0,0,0,0,3,3,0,5,0,0,5,262.6953127,0,0,0,0,0,0,0,0,0,0,1,0,0,0,1,0,0,0,0,0,1,7,467.18086,21.16464,0.374970461,Not Detected,353.2357826,17.4593093
2015,86,SE,0,0,0,0,0,0,3,3,0,1,0,0,5,262.6953127,0,0,0,0,0,0,0,0,0,0,1,0,0,0,1,0,0,0,0,0,1,7,558.88131,20.36888,0.317424378,Not Detected,355.4923674,16.8249822
2015,87,SE,0,0,0,0,0,0,3,3,0,5,0,0,5,246.8041164,0,0,0,0,0,0,0,0,0,0,1,0,0,0,1,0,0,0,0,0,1,7,530.81834,16.19043,0.371424411,Not Detected,353.2357826,17.4593093
2015,88,SE,0,0,0,0,0,0,4,0,0,3,0,0,3,119.1967926,0,0,0,0,0,0,0,0,0,0,1,0,0,0,1,0,0,0,0,0,1,7,658.27063,22.02351,0.221554526,Not Detected,486.9715813,16.27118734
2015,89,SE,0,0,0,0,0,0,0,0,0,5,0,0,3,204.783019,0,0,0,0,0,0,0,0,0,0,1,0,0,0,1,0,0,0,0,0,1,7,623.62758,20.19955,0.374970461,Not Detected,394.6378511,17.77408655
2015,90,SE,0,0,0,0,0,0,3,3,0,4,0,0,5,168.7337378,0,0,0,0,0,0,0,0,0,0,1,0,0,0,1,0,0,0,0,0,1,7,665.76562,21.39492,0.340862962,Not Detected,391.1057585,17.41024557
2015,91,SE,0,0,0,0,0,0,1,1,0,4,0,0,3,119.1967926,0,0,0,0,0,0,0,0,0,0,1,0,0,0,1,0,0,0,0,0,1,7,461.26901,19.0795,0.353843201,Not Detected,419.2802491,17.91447511
2015,92,SE,0,0,0,0,0,0,3,3,0,5,0,0,5,208.9266615,0,0,0,0,0,0,0,0,0,0,1,0,0,0,1,0,0,0,0,0,1,7,507.70525,19.86311,0.236141357,Not Detected,353.2357826,17.4593093
2015,93,SE,0,0,0,0,0,0,3,3,0,5,0,0,4,213.1583674,0,0,0,0,0,0,0,0,0,0,1,0,0,0,1,0,0,0,0,0,1,7,603.7033,19.78219,0.326087906,Not Detected,353.2357826,17.4593093
2015,94,SE,0,0,0,0,0,0,1,1,0,5,0,0,4,468.4258956,0,0,0,0,0,0,0,0,0,0,1,0,0,0,1,0,0,0,0,0,1,7,455.61208,19.26304,0.371320151,Not Detected,388.0577882,17.94063965
2015,95,SE,0,0,0,0,0,0,4,4,0,5,0,0,3,235.7199845,0,0,0,0,0,0,0,0,0,0,1,0,0,0,1,0,0,0,0,0,1,7,604.42769,19.17998,0.326087906,Not Detected,350.4490998,16.94564543
2015,96,SE,0,0,0,0,0,0,0,0,0,5,0,0,3,141.7584097,0,0,0,0,0,0,0,0,0,0,1,0,0,0,1,0,0,0,0,0,1,7,602.29405,21.25496,0.19301389,Not Detected,394.6378511,17.77408655
2015,97,SE,0,0,0,0,0,0,3,3,0,5,0,0,5,235.7199845,0,0,0,0,0,0,0,0,0,0,1,0,0,0,1,0,0,0,0,0,1,7,492.71488,21.06245,0.326087906,Not Detected,353.2357826,17.4593093
2015,98,SW,0,0,0,0,0,0,3,3,0,5,0,0,5,213.1583674,0,0,0,0,0,0,0,0,0,0,1,0,0,0,1,0,0,0,0,1,0,7,537.48081,22.381,0.062550744,Not Detected,334.6311947,16.81912625
2015,99,SW,0,0,0,0,0,0,0,0,0,2,0,0,3,235.7199845,0,0,0,0,0,0,0,0,0,0,1,0,0,0,1,0,0,0,0,1,0,7,478.75524,21.33136,0.350674436,Not Detected,376.9778551,16.45165637
2015,100,SW,0,0,0,0,0,0,1,1,0,4,0,0,3,260.4453242,0,0,0,0,0,0,0,0,0,0,0,1,0,0,1,0,0,0,0,1,0,8,545.70503,20.1501,0.290642399,Not Detected,397.7991365,17.45361126
2015,101,SW,0,0,0,0,0,0,4,4,0,5,0,0,5,378.0927651,0,0,0,0,0,0,0,0,0,0,0,1,0,0,1,0,0,0,0,1,0,8,408.14423,20.04323,0.350674436,Not Detected,332.4036347,16.50603833
2015,102,SW,0,0,0,0,0,0,3,3,0,5,0,0,1,96.31061423,0,0,0,0,0,0,0,0,0,0,0,1,0,0,1,0,0,0,0,1,0,8,536.96715,19.37484,0.089665681,Detected,336.519239,16.85724088
2015,103,SW,0,0,0,0,0,0,4,4,0,5,0,0,1,96.31061423,0,0,0,0,0,0,0,0,0,0,0,1,0,0,1,0,0,0,0,1,0,8,488.08069,19.88892,0.34321952,Detected,332.4036347,16.50603833
2015,104,SW,0,0,0,0,0,0,4,0,0,5,0,0,5,273.1582812,0,0,0,0,0,0,0,0,0,0,0,1,0,0,1,0,0,0,0,1,0,8,500.81184,20.18737,0.037066232,Not Detected,375.8436586,16.77847851
2015,105,SW,0,0,0,0,0,0,4,4,0,5,0,0,3,449.3273953,0,0,0,0,0,0,0,0,0,0,0,1,0,0,1,0,0,0,0,1,0,8,543.20815,21.74031,0.373412324,Detected,332.4036347,16.50603833
2015,106,SW,0,0,0,0,0,0,2,0,0,5,0,0,1,96.31061423,0,0,0,0,0,0,0,0,0,0,0,1,0,0,1,0,0,0,0,1,0,8,561.44263,19.84388,0.37536708,Detected,379.9862829,17.35884997
2015,107,SW,0,0,0,0,0,0,1,1,0,5,0,0,1,96.31061423,0,0,0,0,0,0,0,0,0,0,0,1,0,0,1,0,0,0,0,1,0,8,504.11029,20.02282,0.135610466,Detected,366.537374,17.50608082
2015,108,SW,0,0,0,0,0,0,0,0,0,5,0,0,3,260.4453242,0,0,0,0,0,0,0,0,0,0,0,1,0,0,1,0,0,0,0,1,0,8,507.88692,20.4167,0.375331525,Detected,373.0283529,17.33949319
2015,109,SW,0,0,0,0,0,0,1,1,0,5,0,0,1,96.31061423,0,0,0,0,0,0,0,0,0,0,0,1,0,0,1,0,0,0,0,1,0,8,385.39174,20.50357,0.100631599,Detected,366.537374,17.50608082
2015,110,NW,0,0,0.1,0.12,0.055,1,2,2,0,4,0,0,9,648.257629,0,2,0,0,0,0,0,0,0,0,0,0,1,0,1,0,0,0,1,0,0,9,255.24437,20.18786,0.337757876,Detected,240.0381454,17.68400192
2015,111,NE,0,0,0.01,0.39,0.1,1,4,0,2,4,0,0,7,347.8656788,0,0,0,0,0,0,0,0,0,0,0,0,1,0,1,0,0,1,0,0,0,9,591.76223,20.7124,0.106649528,Detected,320.9065414,16.10593484
2015,112,NW,0,0,0,0,0,0,1,1,0,3,0,0,7,347.8656788,0,0,0,0,0,0,0,0,0,0,0,0,1,0,1,0,0,0,1,0,0,9,530.98896,21.96004,0.373412324,Not Detected,396.3706113,16.75607482
2015,113,NW,0,0,0.01,0.11,0.03,1,3,3,0,2,0,0,6,311.8163976,0,0,0,0,0,0,0,0,0,0,0,0,1,0,1,0,0,0,1,0,0,9,497.4122,20.89504,0.354358967,Not Detected,333.7570917,16.06479449
2015,114,NW,0,0,0,0.01,0.0025,1,3,3,0,3,0,0,6,311.8163976,0,0,0,0,0,0,0,0,0,0,0,0,1,0,1,0,0,0,1,0,0,9,528.31997,17.75383,0.375331525,Detected,379.6263746,16.32724698
2015,115,NW,0,0,0.13,0.46,0.1475,1,4,0,2,2,0,0,7,430.4232549,0,1,0,0,0,0,0,0,0,0,0,0,1,0,1,0,0,0,1,0,0,9,369.76159,18.38493,0.134923104,Not Detected,239.104742,15.97231003
2015,116,NW,0,0,0.27,0.82,0.2725,1,4,0,2,1,0,0,7,811.4980783,0,9,0,0,0,0,0,0,0,0,0,0,1,0,1,0,0,0,1,0,0,9,452.57479,20.10674,0.289966194,Not Detected,253.9601959,15.99253848
2015,117,NW,0,0.03,0.6,0.98,0.4025,1,4,0,2,3,0,0,7,766.2910731,9,9,3,9,0,0,0,0,0,0,0,0,1,0,1,0,0,0,1,0,0,9,429.8573,21.60881,0.366609376,Not Detected,67.31102112,15.24272812
2015,118,NW,0,0,0.02,0.02,0.01,1,4,4,0,2,0,0,6,311.8163976,0,0,0,0,0,0,0,0,0,0,0,0,1,0,1,0,0,0,1,0,0,9,485.26337,22.69678,0.200844397,Not Detected,347.3600139,15.65066308
2015,119,NW,0,0.01,0.37,0.47,0.2125,1,4,0,2,3,0,0,7,813.8471177,8,9,0,3,0,0,0,0,0,0,0,0,1,0,1,0,0,0,1,0,0,9,40.04518,19.64246,0.151874605,Not Detected,87.60987196,15.24272812
2015,120,NW,0,0,0,0,0,0,3,3,0,2,0,0,7,303.8576356,0,0,0,0,0,0,0,0,0,0,0,0,1,0,1,0,0,0,1,0,0,9,404.88316,17.88075,0.134923104,Not Detected,333.7570917,16.06479449
2015,121,NW,0,0,0,0,0,0,3,3,0,1,0,0,7,311.8163976,0,0,0,0,0,0,0,0,0,0,0,0,1,0,1,0,0,0,1,0,0,9,514.12742,21.72413,0.366609376,Not Detected,323.7668786,16.03100884
2015,122,NW,0,0,0.12,0.19,0.0775,1,4,0,2,1,0,0,7,525.77829,0,3,0,0,0,0,0,0,0,0,0,0,1,0,1,0,0,0,1,0,0,9,285.41261,20.44703,0.257201866,Detected,210.1312374,15.99253848
2016,1,SW,0,0,0,0,0,0,1,1,0,5,0,0,3,309.0361793,0,0,0,0,1,0,0,0,0,0,0,0,0,0,0,1,0,0,0,1,0,1,495.16539,20.35995,0.371371462,Detected,338.4583312,17.26392832
2016,2,SW,0,0,0,0,0,0,4,4,0,4,0,0,3,309.0361793,0,0,0,0,1,0,0,0,0,0,0,0,0,0,0,1,0,0,0,1,0,1,525.64392,21.3786,0.086760237,Detected,339.215408,16.176167
2016,3,SW,0,0,0,0,0,0,4,4,0,5,0,0,3,309.0361793,0,0,0,0,1,0,0,0,0,0,0,0,0,0,0,1,0,0,0,1,0,1,467.71688,20.24646,0.081753942,Detected,306.6444878,16.28928454
2016,4,SW,0,0,0,0,0,0,2,2,0,5,0,0,3,309.0361793,0,0,0,0,1,0,0,0,0,0,0,0,0,0,0,1,0,0,0,1,0,1,519.7172,20.59391,0.104077681,Detected,343.5155427,17.36434785
2016,5,SE,0,0,0,0,0,0,1,1,0,4,0,0,3,309.0361793,0,0,0,0,1,0,0,0,0,0,0,0,0,0,0,1,0,0,0,0,1,1,543.86665,22.45267,0.105452198,Not Detected,377.2253638,17.57465978
2016,6,SW,0,0,0,0,0,0,1,1,0,5,0,0,3,309.0361793,0,0,0,0,1,0,0,0,0,0,0,0,0,0,0,1,0,0,0,1,0,1,421.54549,20.38887,0.134923104,Not Detected,338.4583312,17.26392832
2016,7,SW,0,0,0,0,0,0,4,4,0,5,0,0,3,309.0361793,0,0,0,0,1,0,0,0,0,0,0,0,0,0,0,1,0,0,0,1,0,1,434.38661,22.09961,0.166274612,Not Detected,306.6444878,16.28928454
2016,8,SE,0,0,0.08,0,0.02,1,1,1,1,5,0,0,3,309.0361793,0,0,0,0,1,0,0,0,0,0,0,0,0,0,0,1,0,0,0,0,1,1,501.81098,21.0294,0.166274612,Not Detected,362.1305003,17.65881216
2016,9,NE,0,0.0125,0.015,0,0.006875,1,2,2,1,5,0.000625,1,3,309.0361793,0,0,0,0,1,0,0,0,0,0,0,0,0,0,0,1,0,1,0,0,0,1,507.94816,19.58002,0.351053844,Detected,277.0817313,17.30244803
2016,10,SE,0,0,0.02,0,0.005,1,2,2,2,5,0,0,3,309.0361793,0,0,0,0,1,0,0,0,0,0,0,0,0,0,0,1,0,0,0,0,1,1,439.87625,21.27464,0.105452198,Not Detected,364.749997,17.73683569
2016,11,NE,0,0,0.005,0.005,0.0025,1,4,4,1,5,0,0,3,309.0361793,0,0,0,0,1,0,0,0,0,0,0,0,0,0,0,1,0,1,0,0,0,1,333.08202,19.82907,0.017069619,Detected,245.0585743,16.19275406
2016,12,NE,0,0,0.09,0.115,0.05125,1,3,3,2,5,0,0,3,309.0361793,0,0,0,0,1,0,0,0,0,0,0,0,0,0,0,1,0,1,0,0,0,1,393.5329,19.84583,0.149758135,Not Detected,242.4352531,16.39189251
2016,13,SE,0,0,0,0,0,0,3,3,0,5,0,0,3,309.0361793,0,0,0,0,1,0,0,0,0,0,0,0,0,0,0,1,0,0,0,0,1,1,528.60186,14.37326,0.281177884,Detected,335.7030583,17.1390841
2016,14,SW,0,0,0,0,0,0,1,1,0,5,0,0,3,309.0361793,0,0,0,0,1,0,0,0,0,0,0,0,0,0,0,1,0,0,0,1,0,1,481.96964,20.62335,0.074822257,Not Detected,338.4583312,17.26392832
2016,15,SE,0,0,0,0,0,0,1,1,0,5,0,0,3,309.0361793,0,0,0,0,1,0,0,0,0,0,0,0,0,0,0,1,0,0,0,0,1,1,494.13405,20.02793,0.070175178,Detected,362.1305003,17.65881216
2016,16,SE,0,0,0,0,0,0,1,1,0,5,0,0,3,309.0361793,0,0,0,0,1,0,0,0,0,0,0,0,0,0,0,1,0,0,0,0,1,1,485.98539,19.49383,0.239816359,Detected,362.1305003,17.65881216
2016,17,SE,0,0,0.005,0.005,0.0025,1,4,4,1,5,0,0,3,309.0361793,0,0,0,0,1,0,0,0,0,0,0,0,0,0,0,1,0,0,0,0,1,1,518.2044,20.64389,0.355170675,Detected,323.6218977,16.74899664
2016,18,SE,0,0,0,0,0,0,3,3,0,5,0,0,3,309.0361793,0,0,0,0,1,0,0,0,0,0,0,0,0,0,0,1,0,0,0,0,1,1,390.71306,20.52058,0.367566101,Detected,335.7030583,17.1390841
2016,19,SW,0,0,0,0.005,0.00125,1,3,3,2,5,0,0,3,309.0361793,0,0,0,0,1,0,0,0,0,0,0,0,0,0,0,1,0,0,0,1,0,1,415.70835,21.94209,0.064171517,Detected,311.6082359,16.51949862
2016,20,NE,0,0,0,0,0,0,0,0,0,5,0,0,6,337.6080661,0,0,0,0,0,1,0,0,0,0,0,0,0,0,0,1,0,1,0,0,0,2,366.81146,21.43581,0.103155812,Detected,227.3109429,16.44477517
2016,21,NE,0,0,0.865,0.23,0.27375,1,4,4,2,5,0,0,9,589.4206539,0,5,0,4,0,1,0,0,0,0,0,0,0,0,0,1,0,1,0,0,0,2,351.45885,16.93884,0.174704382,Detected,-71.54209106,15.40879361
2016,22,NE,0,0,0,0,0,0,2,0,0,1,0,0,5,314.7590362,0,0,0,0,0,1,0,0,0,0,0,0,0,0,0,1,0,1,0,0,0,2,463.88129,17.96012,0.254484325,Detected,190.9091221,15.9201951
2016,23,SE,0,0,0.005,0.015,0.005,1,4,0,2,1,0,0,5,303.8193706,0,0,0,0,0,1,0,0,0,0,0,0,0,0,0,1,0,0,0,0,1,2,419.03062,22.15347,0.351093622,Not Detected,373.7647618,15.89922903
2016,24,SE,0,0,0.01,0,0.0025,1,4,0,2,2,0,0,5,303.8193706,0,0,0,0,0,1,0,0,0,0,0,0,0,0,0,1,0,0,0,0,1,2,497.07279,23.52746,0.351093622,Not Detected,376.956315,15.84514533
2016,26,NE,0,0,0.01,0.005,0.00375,1,3,3,2,2,0,0,6,424.3362938,0,0,0,0,0,1,0,0,0,0,0,0,0,0,0,1,0,1,0,0,0,2,288.8855,21.27768,0.177658521,Not Detected,226.052085,15.79297822
2016,27,NE,0.02,0,0.335,0.235,0.1475,1,5,0,2,3,0.003125,1,12,1173.127141,0,3,0,0,0,1,0,0,0,0,0,0,0,0,0,1,0,1,0,0,0,2,974.84928,18.51233,0.351093622,Not Detected,158.8249116,15.94429634
2016,28,NE,0.004842615,0,0.22,0.54,0.191210654,1,4,0,2,3,0.001210654,1,5,690.1811362,0,4,0,3,0,1,0,0,0,0,0,0,0,0,0,1,0,1,0,0,0,2,406.38154,19.87556,0.335152078,Detected,-58.78980878,15.13749043
2016,29,NE,0,0,0.03,0,0.0075,1,4,4,2,5,0,0,9,538.6891028,0,0,0,0,0,1,0,0,0,0,0,0,0,0,0,1,0,1,0,0,0,2,499.19892,20.35852,0.335152078,Detected,232.2778436,15.78487155
2016,30,NE,0,0,0.035,0.015,0.0125,1,3,3,2,5,0,0,6,335.7798038,0,0,0,0,0,1,0,0,0,0,0,0,0,0,0,1,0,1,0,0,0,2,376.41731,20.17276,0.351093622,Not Detected,228.9060331,16.11276566
2016,31,NE,0,0,0,0.005,0.00125,1,4,4,2,4,0,0,9,481.1215503,0,0,0,0,0,1,0,0,0,0,0,0,0,0,0,1,0,1,0,0,0,2,467.80508,19.75842,0.351093622,Not Detected,287.7716028,15.74146278
2016,32,SW,0,0,0,0,0,0,3,3,0,5,0,0,8,395.2531122,0,0,0,0,0,0,1,0,0,0,0,0,0,0,0,1,0,0,0,1,0,3,481.86956,22.17785,0.375169023,Not Detected,303.5397616,16.04324102
2016,33,SW,0,0,0,0,0,0,3,3,0,5,0,0,7,368.2640811,0,0,0,0,0,0,1,0,0,0,0,0,0,0,0,1,0,0,0,1,0,3,506.26065,20.39012,0.070652967,Not Detected,303.5397616,16.04324102
2016,34,SW,0,0,0,0,0,0,1,1,0,5,0,0,8,395.2531122,0,0,0,0,0,0,1,0,0,0,0,0,0,0,0,1,0,0,0,1,0,3,490.05646,20.64046,0.070652967,Not Detected,329.6303819,16.67308519
2016,35,SW,0,0,0,0,0,0,3,3,0,5,0,0,7,368.2640811,0,0,0,0,0,0,1,0,0,0,0,0,0,0,0,1,0,0,0,1,0,3,455.56954,19.90568,0.375169023,Not Detected,303.5397616,16.04324102
2016,36,SW,0,0,0.01,0.035,0.01125,1,4,4,2,5,0,0,7,251.0779708,0,0,0,0,0,0,1,0,0,0,0,0,0,0,0,1,0,0,0,1,0,3,387.67838,23.39074,0.259780907,Not Detected,293.360197,15.67337436
2016,37,SW,0,0,0.045,0.015,0.015,1,4,4,2,5,0,0,7,251.0779708,0,0,0,0,0,0,1,0,0,0,0,0,0,0,0,1,0,0,0,1,0,3,482.43826,20.35821,0.259780907,Not Detected,293.360197,15.67337436
2016,38,SW,0,0,0,0,0,0,3,3,0,5,0,0,15,883.92743,0,0,0,0,0,0,1,0,0,0,0,0,0,0,0,1,0,0,0,1,0,3,479.83998,20.16991,0.374211121,Not Detected,303.5397616,16.04324102
2016,39,SW,0,0,0,0,0,0,3,3,0,5,0,0,7,357.3152055,0,0,0,0,0,0,1,0,0,0,0,0,0,0,0,1,0,0,0,1,0,3,494.1884,21.24851,0.070652967,Not Detected,303.5397616,16.04324102
2016,40,NW,0,0,0,0,0,0,3,3,0,1,0,0,4,119.3056524,0,0,0,0,0,0,0,1,0,0,0,0,0,0,0,1,0,0,1,0,0,4,456.1489,19.98503,0.375169023,Not Detected,267.6965902,15.7589182
2016,41,NW,0,0,0,0,0,0,4,0,0,1,0,0,3,179.3923908,0,0,0,0,0,0,0,1,0,0,0,0,0,0,0,1,0,0,1,0,0,4,300.47757,21.08269,0.193190903,Not Detected,301.71192,15.2743909
2016,42,NW,0,0,0,0,0,0,4,0,0,1,0,0,3,179.3923908,0,0,0,0,0,0,0,1,0,0,0,0,0,0,0,1,0,0,1,0,0,4,502.7699,20.2853,0.375169023,Not Detected,301.71192,15.2743909
2016,43,NW,0,0,0,0,0,0,3,3,0,1,0,0,3,59.23701339,0,0,0,0,0,0,0,1,0,0,0,0,0,0,0,1,0,0,1,0,0,4,421.58096,20.31581,0.325400814,Not Detected,267.6965902,15.7589182
2016,44,NW,0,0,0,0,0,0,4,4,0,1,0,0,3,59.23701339,0,0,0,0,0,0,0,1,0,0,0,0,0,0,0,1,0,0,1,0,0,4,362.70391,19.46189,0.0350473,Detected,275.5060474,15.38524459
2016,45,NW,0,0,0,0,0,0,4,4,0,1,0,0,3,59.23701339,0,0,0,0,0,0,0,1,0,0,0,0,0,0,0,1,0,0,1,0,0,4,408.1018,19.52896,0.100541039,Detected,275.5060474,15.38524459
2016,46,NW,0,0,0,0,0,0,2,0,0,1,0,0,3,59.23701339,0,0,0,0,0,0,0,1,0,0,0,0,0,0,0,1,0,0,1,0,0,4,510.53537,18.14522,0.346040569,Detected,285.0512918,15.89506596
2016,47,NW,0,0.265,0.975,0.14,0.345,1,3,3,1,5,0.0125,1,6,284.0961825,0,0,0,0,0,0,0,1,0,0,0,0,0,0,0,1,0,0,1,0,0,4,616.68226,22.24133,0.302995494,Detected,300.7616943,16.11331792
2016,48,NW,0,0,0,0,0,0,4,0,0,1,0,0,3,179.3923908,0,0,0,0,0,0,0,1,0,0,0,0,0,0,0,1,0,0,1,0,0,4,474.38115,20.06037,0.367259047,Detected,301.71192,15.2743909
2016,49,NW,0,0,0,0,0,0,3,3,0,1,0,0,3,59.23701339,0,0,0,0,0,0,0,1,0,0,0,0,0,0,0,1,0,0,1,0,0,4,511.76954,20.90791,0.130227755,Detected,267.6965902,15.7589182
2016,50,NW,0,0,0,0,0,0,1,1,0,1,0,0,4,119.3056524,0,0,0,0,0,0,0,1,0,0,0,0,0,0,0,1,0,0,1,0,0,4,527.1895,18.12325,0.27438758,Detected,281.0463533,16.12045531
2016,51,NW,0,0,0,0,0,0,3,3,0,1,0,0,3,59.23701339,0,0,0,0,0,0,0,1,0,0,0,0,0,0,0,1,0,0,1,0,0,4,400.21767,18.04083,0.130227755,Detected,267.6965902,15.7589182
2016,52,NW,0,0,0,0,0,0,0,0,0,3,0,0,2,6.356478492,0,0,0,0,0,0,0,1,0,0,0,0,0,0,0,1,0,0,1,0,0,4,587.64719,19.34205,0.361051915,Detected,330.5053568,15.8975044
2016,53,NE,0,0,0.015,0,0.00375,1,2,2,1,3,0,0,3,42.54738635,0,0,0,0,0,0,0,0,1,0,0,0,0,0,0,1,0,1,0,0,0,5,496.64342,20.13431,0.154046592,Detected,257.6048572,16.34833089
2016,54,NE,0,0,0.01,0.45,0.115,1,1,1,1,4,0,0,8,475.6543747,0,0,0,0,0,0,0,0,1,0,0,0,0,0,0,1,0,1,0,0,0,5,424.72869,21.4341,0.160639303,Not Detected,232.0644648,16.55188419
2016,55,NE,0,0,0,0.005,0.00125,1,1,1,1,5,0,0,8,235.1686148,0,0,0,0,0,0,0,0,1,0,0,0,0,0,0,1,0,1,0,0,0,5,292.47391,13.74359,0.375148746,Detected,234.6156677,16.58726187
2016,56,NE,0,0,0,0.005,0.00125,1,3,3,1,5,0,0,4,138.8580006,0,0,0,0,0,0,0,0,1,0,0,0,0,0,0,1,0,1,0,0,0,5,375.64801,20.25098,0.282241453,Detected,231.4228775,15.99336722
2016,60,NE,0,0.0075,0.99,0.68,0.419375,1,4,0,2,4,0.001875,1,12,674.999433,0,9,0,1,0,0,0,0,1,0,0,0,0,0,0,1,0,1,0,0,0,5,374.80136,20.16563,0.36318395,Not Detected,95.8862968,15.2475159
2016,61,NE,0,0,0.99,0.505,0.37375,1,4,0,2,4,0,0,12,666.0645384,0,9,0,4,0,0,0,0,1,0,0,0,0,0,0,1,0,1,0,0,0,5,344.35327,18.53823,0.282241453,Detected,4.239821075,15.14757584
2016,62,NE,0,0,0.175,0.46,0.15875,1,4,0,2,2,0,0,12,679.8730119,0,9,0,1,0,0,0,0,1,0,0,0,0,0,0,1,0,1,0,0,0,5,327.24765,22.96339,0.173098705,Not Detected,40.795678,14.81992593
2016,63,NE,0,0,0.465,0.77,0.30875,1,4,0,2,4,0,0,12,674.999433,0,8,0,1,0,0,0,0,1,0,0,0,0,0,0,1,0,1,0,0,0,5,249.89239,19.44098,0.21135305,Not Detected,84.20833118,15.14757584
2016,64,NE,0,0,0.015,0.15,0.04125,1,3,3,1,3,0,0,5,235.1686148,0,0,0,0,0,0,0,0,1,0,0,0,0,0,0,1,0,1,0,0,0,5,530.95525,20.24777,0.327859392,Not Detected,247.0040651,15.75223248
2016,65,NW,0,0,0.13,0,0.0325,1,5,0,2,3,0,0,8,497.7081132,0,0,0,0,0,0,0,0,0,1,0,0,0,0,0,1,0,0,1,0,0,6,507.64108,20.02273,0.066455799,Not Detected,347.0668487,15.21501053
2016,66,NW,0,0,0,0,0,0,4,0,0,3,0,0,8,497.7081132,0,0,0,0,0,0,0,0,0,1,0,0,0,0,0,1,0,0,1,0,0,6,538.15748,21.69092,0.363227755,Not Detected,334.9674509,15.26529229
2016,67,NW,0,0,0.005,0,0.00125,1,4,4,0,3,0,0,8,497.7081132,0,0,0,0,0,0,0,0,0,1,0,0,0,0,0,1,0,0,1,0,0,6,450.12633,19.8783,0.237096063,Not Detected,324.2832461,15.51045338
2016,68,NW,0,0,0.015,0,0.00375,1,4,0,2,3,0,0,8,497.7081132,0,0,0,0,0,0,0,0,0,1,0,0,0,0,0,1,0,0,1,0,0,6,500.084,21.75815,0.34499436,Not Detected,347.0668487,15.21501053
2016,69,NW,0,0,0,0,0,0,3,3,0,3,0,0,6,392.7478683,0,0,0,0,0,0,0,0,0,1,0,0,0,0,0,1,0,0,1,0,0,6,471.02177,21.19575,0.366307048,Not Detected,322.7694883,15.85213101
2016,70,NW,0,0,0.005,0,0.00125,1,4,0,2,3,0,0,8,392.7478683,0,0,0,0,0,0,0,0,0,1,0,0,0,0,0,1,0,0,1,0,0,6,520.88336,20.15322,0.34499436,Not Detected,347.0668487,15.21501053
2016,73,NW,0,0,0,0,0,0,3,3,0,5,0,0,6,452.2565781,0,0,0,0,0,0,0,0,0,1,0,0,0,0,0,1,0,0,1,0,0,6,353.91898,20.87929,0.225752809,Detected,287.7783238,15.99403172
2016,76,SE,0,0,0,0,0,0,4,4,0,4,0,0,6,481.245349,0,0,0,0,0,0,0,0,0,0,1,0,0,0,0,1,0,0,0,0,1,7,690.66433,16.97384,0.066455799,Not Detected,350.468776,16.05566948
2016,77,SE,0,0,0,0,0,0,2,2,0,2,0,0,7,564.0141786,0,0,0,0,0,0,0,0,0,0,1,0,0,0,0,1,0,0,0,0,1,7,577.58969,21.69207,0.037673231,Detected,335.2653526,16.91262755
2016,78,SE,0,0,0,0,0,0,1,1,0,5,0,0,6,481.245349,0,0,0,0,0,0,0,0,0,0,1,0,0,0,0,1,0,0,0,0,1,7,442.61535,20.60556,0.093548044,Not Detected,350.9418993,17.06297381
2016,79,SE,0,0,0,0,0,0,0,0,0,5,0,0,4,260.7556722,0,0,0,0,0,0,0,0,0,0,1,0,0,0,0,1,0,0,0,0,1,7,623.12578,19.0007,0.362646812,Not Detected,354.9937921,16.85779958
2016,80,SE,0,0,0,0,0,0,1,1,0,1,0,0,6,530.7822942,0,0,0,0,0,0,0,0,0,0,1,0,0,0,0,1,0,0,0,0,1,7,590.45162,20.29059,0.362646812,Not Detected,316.531396,16.72680421
2016,81,SE,0,0,0,0,0,0,3,3,0,5,0,0,5,431.7084037,0,0,0,0,0,0,0,0,0,0,1,0,0,0,0,1,0,0,0,0,1,7,499.16643,20.38366,0.34499436,Not Detected,323.951888,16.56236346
2016,82,SE,0,0,0,0,0,0,3,3,0,4,0,0,6,456.4768763,0,0,0,0,0,0,0,0,0,0,1,0,0,0,0,1,0,0,0,0,1,7,561.80322,21.31525,0.34499436,Not Detected,344.5806617,16.52057368
2016,83,SE,0,0,0,0,0,0,3,3,0,5,0,0,8,651.861381,0,0,0,0,0,0,0,0,0,0,1,0,0,0,0,1,0,0,0,0,1,7,483.18456,20.63176,0.34499436,Not Detected,323.951888,16.56236346
2016,84,SE,0,0,0,0.005,0.00125,1,1,1,2,3,0,0,6,456.4768763,0,0,0,0,0,0,0,0,0,0,1,0,0,0,0,1,0,0,0,0,1,7,352.45491,19.04274,0.044597156,Detected,408.043014,16.72737863
2016,85,SE,0,0,0,0,0,0,1,1,0,5,0,0,6,555.5507668,0,0,0,0,0,0,0,0,0,0,1,0,0,0,0,1,0,0,0,0,1,7,647.53368,20.53462,0.281090711,Not Detected,350.9418993,17.06297381
2016,86,SE,0,0,0.005,0,0.00125,1,3,3,2,3,0,0,6,456.4768763,0,0,0,0,0,0,0,0,0,0,1,0,0,0,0,1,0,0,0,0,1,7,519.09691,20.85136,0.294425322,Not Detected,392.7140538,16.23962799
2016,87,SE,0,0,0,0,0,0,3,3,0,3,0,0,6,431.7084037,0,0,0,0,0,0,0,0,0,0,1,0,0,0,0,1,0,0,0,0,1,7,476.26411,19.84776,0.294425322,Not Detected,376.8754537,16.31402412
2016,88,SE,0,0,0,0,0,0,1,1,0,3,0,0,6,431.7084037,0,0,0,0,0,0,0,0,0,0,1,0,0,0,0,1,0,0,0,0,1,7,482.88706,20.9258,0.237096063,Not Detected,392.1028172,16.81797565
2016,89,SE,0,0,0,0,0,0,1,1,0,3,0,0,6,456.4768763,0,0,0,0,0,0,0,0,0,0,1,0,0,0,0,1,0,0,0,0,1,7,529.64207,20.21164,0.363227755,Not Detected,392.1028172,16.81797565
2016,90,SE,0,0,0,0,0,0,3,3,0,5,0,0,5,431.7084037,0,0,0,0,0,0,0,0,0,0,1,0,0,0,0,1,0,0,0,0,1,7,567.15146,18.84356,0.093548044,Not Detected,323.951888,16.56236346
2016,91,SE,0,0,0,0,0,0,3,3,0,5,0,0,6,456.4768763,0,0,0,0,0,0,0,0,0,0,1,0,0,0,0,1,0,0,0,0,1,7,428.63571,20.22798,0.153937699,Not Detected,323.951888,16.56236346
2016,92,SE,0,0,0,0,0,0,3,3,0,5,0,0,5,431.7084037,0,0,0,0,0,0,0,0,0,0,1,0,0,0,0,1,0,0,0,0,1,7,471.38712,18.68921,0.26080849,Not Detected,323.951888,16.56236346
2016,93,SE,0,0,0,0.005,0.00125,1,4,0,2,2,0,0,9,748.1719953,0,0,0,0,0,0,0,0,0,0,1,0,0,0,0,1,0,0,0,0,1,7,522.25969,20.35615,0.293039617,Not Detected,364.7878834,15.62952032
2016,94,SE,0,0,0,0,0,0,0,0,0,1,0,0,4,92.33005842,0,0,0,0,0,0,0,0,0,0,1,0,0,0,0,1,0,0,0,0,1,7,486.27284,21.40886,0.364061245,Not Detected,315.8627613,16.43536683
2016,95,SE,0,0,0,0,0,0,3,3,0,2,0,0,5,431.7084037,0,0,0,0,0,0,0,0,0,0,1,0,0,0,0,1,0,0,0,0,1,7,563.77085,19.43345,0.350020298,Detected,312.8698621,16.22285643
2016,96,SE,0,0,0,0,0,0,3,3,0,2,0,0,6,456.4768763,0,0,0,0,0,0,0,0,0,0,1,0,0,0,0,1,0,0,0,0,1,7,461.68221,21.64896,0.293039617,Not Detected,312.8698621,16.22285643
2016,97,SE,0,0,0,0,0,0,1,1,0,1,0,0,6,456.4768763,0,0,0,0,0,0,0,0,0,0,1,0,0,0,0,1,0,0,0,0,1,7,467.65315,20.41934,0.298265577,Detected,316.531396,16.72680421
2016,98,SE,0,0,0,0,0,0,0,0,0,5,0,0,4,191.4039489,0,0,0,0,0,0,0,0,0,0,1,0,0,0,0,1,0,0,0,0,1,7,605.2133,22.51701,0.348367213,Detected,354.9937921,16.85779958
2016,99,SE,0,0,0,0,0,0,3,3,0,3,0,0,8,539.245706,0,0,0,0,0,0,0,0,0,0,1,0,0,0,0,1,0,0,0,0,1,7,456.78913,21.62411,0.069108885,Not Detected,376.8754537,16.31402412
2016,100,SW,0,0,0,0,0,0,0,0,0,5,0,0,4,191.4039489,0,0,0,0,0,0,0,0,0,0,1,0,0,0,0,1,0,0,0,1,0,7,589.47946,21.78415,0.008756476,Not Detected,331.6974705,16.48720376
2016,101,SW,0,0,0,0,0,0,1,1,0,3,0,0,2,246.5960372,0,0,0,0,0,0,0,0,0,0,0,1,0,0,0,1,0,0,0,1,0,8,573.48276,18.71457,0.374846417,Detected,369.315223,16.42094265
2016,102,SW,0,0,0,0,0,0,4,4,0,2,0,0,3,418.7790143,0,0,0,0,0,0,0,0,0,0,0,1,0,0,0,1,0,0,0,1,0,8,361.32086,19.06423,0.053869008,Detected,316.1554573,15.30606102
2016,104,SW,0,0,0,0,0,0,4,4,0,5,0,0,2,377.7641421,0,0,0,0,0,0,0,0,0,0,0,1,0,0,0,1,0,0,0,1,0,8,409.06009,21.68539,0.056442926,Detected,292.3519544,15.73141425
2016,105,SW,0,0,0.015,0,0.00375,1,4,0,2,2,0,0,2,56.51550517,0,0,0,0,0,0,0,0,0,0,0,1,0,0,0,1,0,0,0,1,0,8,401.62319,21.44502,0.039098897,Detected,341.7063522,15.22314986
2016,106,SW,0,0,0,0,0,0,4,4,0,2,0,0,2,377.7641421,0,0,0,0,0,0,0,0,0,0,0,1,0,0,0,1,0,0,0,1,0,8,458.58291,19.59085,0.309477792,Detected,316.1554573,15.30606102
2016,107,SW,0,0,0.005,0,0.00125,1,2,0,2,2,0,0,2,240.3905823,0,0,0,0,0,0,0,0,0,0,0,1,0,0,0,1,0,0,0,1,0,8,422.78759,21.81524,0.309477792,Detected,320.1676557,15.8723375
2016,108,SW,0,0,0.005,0,0.00125,1,1,1,1,5,0,0,2,377.7641421,0,0,0,0,0,0,0,0,0,0,0,1,0,0,0,1,0,0,0,1,0,8,503.12238,18.67728,0.324664401,Not Detected,329.6303819,16.67308519
2016,110,SW,0,0,0,0,0,0,1,1,0,5,0,0,2,377.7641421,0,0,0,0,0,0,0,0,0,0,0,1,0,0,0,1,0,0,0,1,0,8,557.19962,20.02143,0.372818004,Detected,329.6303819,16.67308519
2016,112,NE,0,0,0,0,0,0,3,3,0,2,0,0,5,209.7526146,0,0,0,0,0,0,0,0,0,0,0,0,1,0,0,1,0,1,0,0,0,9,474.8673,17.6675,0.183938637,Detected,212.522115,15.3958557
2016,113,NE,0,0,0.19,0.295,0.12125,1,4,0,2,1,0,0,10,641.0552781,0,8,0,1,0,0,0,0,0,0,0,0,1,0,0,1,0,1,0,0,0,9,231.65844,19.7783,0.339955872,Not Detected,50.23586522,14.65664403
2016,114,NW,0,0,0,0.025,0.00625,1,1,1,1,2,0,0,7,476.2294619,0,0,0,0,0,0,0,0,0,0,0,0,1,0,0,1,0,0,1,0,0,9,507.41511,21.66795,0.043118913,Detected,297.9590442,15.80793629
2016,115,NW,0,0.0175,0.63,0.34,0.246875,1,3,3,2,3,0.00375,1,9,431.6321747,7,8,0,3,0,0,0,0,0,0,0,0,1,0,0,1,0,0,1,0,0,9,479.57481,20.82598,0.062180232,Not Detected,46.82426673,15.26765553
2016,116,NW,0,0,0.05,0.005,0.01375,1,3,3,2,5,0,0,5,451.4425093,0,0,0,0,0,0,0,0,0,0,0,0,1,0,0,1,0,0,1,0,0,9,437.53321,21.37819,0.164835673,Not Detected,297.9439017,15.69065266
2016,117,NW,0,0,0.665,0.525,0.2975,1,4,0,2,1,0,0,10,787.4269496,0,7,0,4,0,0,0,0,0,0,0,0,1,0,0,1,0,0,1,0,0,9,314.8662,20.08983,0.342345422,Not Detected,3.926469999,14.695393
2016,119,NW,0,0,0.665,0.36,0.25625,1,4,0,2,1,0,0,10,514.1615801,0,12,0,5,0,0,0,0,0,0,0,0,1,0,0,1,0,0,1,0,0,9,459.04576,20.73536,0.342345422,Not Detected,20.51421363,14.695393
2016,120,NW,0,0,0,0,0,0,4,4,0,3,0,0,6,286.7769497,0,0,0,0,0,0,0,0,0,0,0,0,1,0,0,1,0,0,1,0,0,9,571.14511,23.01438,0.228059413,Not Detected,346.437151,15.27202093
2016,121,NW,0,0,0.75,0.185,0.23375,1,4,0,2,3,0,0,10,897.3006688,0,8,0,6,0,0,0,0,0,0,0,0,1,0,0,1,0,0,1,0,0,9,435.57405,19.28574,0.164557346,Not Detected,36.00197599,14.68810095
2016,122,NW,0,0,0,0.005,0.00125,1,3,3,2,3,0,0,6,237.6009767,0,0,0,0,0,0,0,0,0,0,0,0,1,0,0,1,0,0,1,0,0,9,408.24329,21.2652,0.134436141,Not Detected,348.2733391,15.54092267
2016,123,NW,0,0,0,0,0,0,3,3,0,5,0,0,6,346.2081419,0,0,0,0,0,0,0,0,0,0,0,0,1,0,0,1,0,0,1,0,0,9,290.56553,19.93369,0.271087286,Not Detected,296.7253702,15.75073899
2016,124,NW,0,0,0.085,0.02,0.02625,1,4,0,2,3,0,0,10,674.6468216,0,1,0,0,0,0,0,0,0,0,0,0,1,0,0,1,0,0,1,0,0,9,500.73733,22.38475,0.342345422,Not Detected,235.937361,15.45432492
2017,1,SW,0,0,0,0,0,0,1,1,0,3,0,0,12,1089.645227,0,0,0,0,1,0,0,0,0,0,0,0,0,0,0,0,1,0,0,1,0,1,615.79471,18.97219,0.324283259,Not Detected,419.9427579,17.81854604
2017,2,SW,0,0,0,0,0,0,3,3,0,3,0,0,12,1089.645227,0,0,0,0,1,0,0,0,0,0,0,0,0,0,0,0,1,0,0,1,0,1,533.07063,19.68414,0.224049996,Detected,404.4789009,17.15866825
2017,3,SW,0,0,0,0,0,0,4,4,0,3,0,0,12,1089.645227,0,0,0,0,1,0,0,0,0,0,0,0,0,0,0,0,1,0,0,1,0,1,640.55243,20.20514,0.043455501,Detected,412.1351202,16.94864804
2017,4,SW,0,0,0,0,0,0,4,4,0,3,0,0,12,1089.645227,0,0,0,0,1,0,0,0,0,0,0,0,0,0,0,0,1,0,0,1,0,1,771.77024,20.98032,0.188996506,Detected,412.1351202,16.94864804
2017,5,SW,0,0,0,0,0,0,2,2,0,3,0,0,12,1089.645227,0,0,0,0,1,0,0,0,0,0,0,0,0,0,0,0,1,0,0,1,0,1,497.19214,20.14449,0.030808201,Not Detected,426.0745052,17.8998064
2017,6,SW,0,0,0,0,0,0,0,0,0,2,0,0,12,1089.645227,0,0,0,0,1,0,0,0,0,0,0,0,0,0,0,0,1,0,0,1,0,1,458.76745,21.20823,0.358693085,Not Detected,337.0112735,16.96483044
2017,7,SE,0,0,0,0,0,0,1,1,0,3,0,0,12,1089.645227,0,0,0,0,1,0,0,0,0,0,0,0,0,0,0,0,1,0,0,0,1,1,767.48802,20.75262,0.271087286,Not Detected,447.3718908,18.33564013
2017,8,SW,0,0,0,0,0,0,1,1,0,2,0,0,12,1089.645227,0,0,0,0,1,0,0,0,0,0,0,0,0,0,0,0,1,0,0,1,0,1,532.86948,21.90561,0.184644508,Not Detected,349.1412588,17.37776669
2017,9,SW,0,0,0,0,0,0,4,4,0,3,0,0,12,1089.645227,0,0,0,0,1,0,0,0,0,0,0,0,0,0,0,0,1,0,0,1,0,1,672.36999,20.02141,0.184644508,Not Detected,412.1351202,16.94864804
2017,10,SW,0,0,0,0,0,0,4,4,0,4,0,0,12,1089.645227,0,0,0,0,1,0,0,0,0,0,0,0,0,0,0,0,1,0,0,1,0,1,591.26622,23.23701,0.294953501,Not Detected,379.0081828,17.22068287
2017,11,SE,0,0.0025,0,0,0.000625,1,1,1,2,2,0.000625,1,12,1089.645227,0,0,0,0,1,0,0,0,0,0,0,0,0,0,0,0,1,0,0,0,1,1,595.94808,19.20016,0.358693085,Not Detected,388.5487887,18.05365964
2017,12,SE,0.0025,0.0025,0,0,0.00125,1,2,2,2,3,0.000625,1,12,1089.645227,0,0,0,0,1,0,0,0,0,0,0,0,0,0,0,0,1,0,0,0,1,1,558.60024,20.54573,0.164835673,Not Detected,473.0685801,18.56251904
2017,13,NE,0,0,0,0.005,0.00125,1,4,4,2,3,0,0,12,1089.645227,0,0,0,0,1,0,0,0,0,0,0,0,0,0,0,0,1,1,0,0,0,1,514.92083,22.07905,0.185539378,Detected,312.8025553,16.79174145
2017,14,NE,0,0,0,0,0,0,3,3,0,4,0,0,12,1089.645227,0,0,0,0,1,0,0,0,0,0,0,0,0,0,0,0,1,1,0,0,0,1,480.70607,33.9055,0.369316313,Not Detected,273.5163003,17.31901984
2017,15,SE,0,0,0,0,0,0,3,3,0,3,0,0,12,1089.645227,0,0,0,0,1,0,0,0,0,0,0,0,0,0,0,0,1,0,0,0,1,1,690.16919,17.50506,0.120392343,Detected,426.5252652,17.79957577
2017,16,SW,0,0,0,0,0,0,1,1,0,2,0,0,12,1089.645227,0,0,0,0,1,0,0,0,0,0,0,0,0,0,0,0,1,0,0,1,0,1,607.58861,19.32452,0.130527528,Detected,349.1412588,17.37776669
2017,17,SE,0,0,0,0,0,0,1,1,0,5,0,0,12,1236.553504,0,0,0,0,1,0,0,0,0,0,0,0,0,0,0,0,1,0,0,0,1,1,551.4373,19.42017,0.128004499,Not Detected,396.1895047,18.54157202
2017,18,SE,0,0,0,0,0,0,1,1,0,5,0,0,12,1236.553504,0,0,0,0,1,0,0,0,0,0,0,0,0,0,0,0,1,0,0,0,1,1,470.11481,19.24399,0.327369823,Detected,396.1895047,18.54157202
2017,19,SE,0,0,0,0,0,0,4,4,0,5,0,0,12,1089.645227,0,0,0,0,1,0,0,0,0,0,0,0,0,0,0,0,1,0,0,0,1,1,609.85474,21.82132,0.336436724,Not Detected,350.7754126,17.65290494
2017,20,SE,0,0,0,0,0,0,3,3,0,3,0,0,12,1089.645227,0,0,0,0,1,0,0,0,0,0,0,0,0,0,0,0,1,0,0,0,1,1,513.43211,20.75767,0.102157233,Not Detected,426.5252652,17.79957577
2017,21,SW,0,0,0,0,0,0,3,3,0,3,0,0,12,1089.645227,0,0,0,0,1,0,0,0,0,0,0,0,0,0,0,0,1,0,0,1,0,1,666.69554,20.85866,0.059475685,Detected,404.4789009,17.15866825
2017,22,NE,0,0,0.25,0,0.0625,1,1,1,2,5,0,0,6,704.4488523,0,2,0,0,0,1,0,0,0,0,0,0,0,0,0,0,1,1,0,0,0,2,290.87295,19.79335,0.372290396,Detected,150.8691213,17.66592231
2017,23,NE,0,0,0,0,0,0,0,0,0,3,0,0,13,996.244506,0,0,0,0,0,1,0,0,0,0,0,0,0,0,0,0,1,1,0,0,0,2,603.90958,17.72506,0.158151705,Detected,282.0836723,16.58132986
2017,24,NE,0,0.005,0,0.085,0.0225,1,4,4,2,3,0,0,12,944.5378232,2,0,0,0,0,1,0,0,0,0,0,0,0,0,0,0,1,1,0,0,0,2,-181.66966,24.7187,0.31789825,Detected,355.0371329,16.53699112
2017,25,SE,0,0.0025,0.21,0.005,0.054375,1,2,2,2,5,0.000625,1,10,868.1867502,0,0,0,0,0,1,0,0,0,0,0,0,0,0,0,0,1,0,0,0,1,2,164.8398,19.56123,0.158151705,Detected,412.7868239,18.14309931
2017,26,NE,0,0,0,0,0,0,2,0,0,1,0,0,9,646.2225064,0,0,0,0,0,1,0,0,0,0,0,0,0,0,0,0,1,1,0,0,0,2,546.6646,22.48573,0.368160479,Detected,208.7071817,16.38397816
2017,27,SE,0,0,0.005,0,0.00125,1,4,0,2,1,0,0,8,777.3702457,0,0,0,0,0,1,0,0,0,0,0,0,0,0,0,0,1,0,0,0,1,2,598.97827,20.34593,0.202564959,Not Detected,407.3806248,16.48951609
2017,28,SE,0,0,0,0,0,0,4,0,0,1,0,0,8,777.3702457,0,0,0,0,0,1,0,0,0,0,0,0,0,0,0,0,1,0,0,0,1,2,502.56232,20.16365,0.016521121,Not Detected,401.7982283,16.52916665
2017,29,NE,0,0,0,0,0,0,3,3,0,2,0,0,8,655.3830762,0,0,0,0,0,1,0,0,0,0,0,0,0,0,0,0,1,1,0,0,0,2,430.21783,19.64802,0.368160479,Detected,244.5273125,16.6030493
2017,30,NE,0.005,0,0.015,0.025,0.01125,1,5,0,2,1,0.00125,1,12,827.6559762,0,0,0,0,0,1,0,0,0,0,0,0,0,0,0,0,1,1,0,0,0,2,723.56214,21.35161,0.268864885,Not Detected,268.1991408,16.06597713
2017,31,NE,0,0,0.03,0.005,0.00875,1,4,0,2,3,0,0,8,566.7662241,0,0,0,0,0,1,0,0,0,0,0,0,0,0,0,0,1,1,0,0,0,2,528.47444,18.08941,0.268864885,Not Detected,335.0212756,16.12202806
2017,32,NE,0,0,0.015,0.035,0.0125,1,4,4,2,2,0,0,12,547.8794852,0,0,0,0,0,1,0,0,0,0,0,0,0,0,0,0,1,1,0,0,0,2,506.45093,20.38488,0.375437086,Not Detected,275.9493774,16.23435414
2017,33,NE,0,0,0.02,0,0.005,1,3,3,2,2,0,0,8,655.6993309,0,0,0,0,0,1,0,0,0,0,0,0,0,0,0,0,1,1,0,0,0,2,493.98638,21.6999,0.164019441,Not Detected,253.4971376,16.54657063
2017,34,NE,0,0,0.005,0.045,0.0125,1,4,4,2,2,0,0,12,708.2405099,0,0,0,0,0,1,0,0,0,0,0,0,0,0,0,0,1,1,0,0,0,2,574.00663,23.74092,0.147748212,Not Detected,275.9493774,16.23435414
2017,35,SW,0,0,0,0.013333333,0.003333333,1,3,3,2,3,0,0,8,709.5539668,0,0,0,0,0,0,1,0,0,0,0,0,0,0,0,0,1,0,0,1,0,3,673.00221,19.26905,0.361500568,Not Detected,444.6178236,16.63721398
2017,36,SW,0,0,0,0,0,0,3,3,0,1,0,0,8,709.5539668,0,0,0,0,0,0,1,0,0,0,0,0,0,0,0,0,1,0,0,1,0,3,491.14587,21.45354,0.026498696,Not Detected,325.9829412,16.3913917
2017,37,SW,0,0,0,0,0,0,1,1,0,1,0,0,8,709.5539668,0,0,0,0,0,0,1,0,0,0,0,0,0,0,0,0,1,0,0,1,0,3,745.50941,21.92051,0.108633817,Detected,344.6364048,16.92156954
2017,38,SW,0,0,0,0.115,0.02875,1,3,3,2,3,0,0,8,709.5539668,0,0,0,0,0,0,1,0,0,0,0,0,0,0,0,0,1,0,0,1,0,3,488.19046,19.47999,0.361500568,Not Detected,444.6178236,16.63721398
2017,39,SW,0,0,0,0,0,0,4,4,0,2,0,0,13,888.2005377,0,0,0,0,0,0,1,0,0,0,0,0,0,0,0,0,1,0,0,1,0,3,526.07652,20.53373,0.2010702,Not Detected,350.1527286,16.14147994
2017,40,SW,0,0,0,0,0,0,4,4,0,2,0,0,13,888.2005377,0,0,0,0,0,0,1,0,0,0,0,0,0,0,0,0,1,0,0,1,0,3,662.55443,20.66943,0.2010702,Not Detected,350.1527286,16.14147994
2017,41,SW,0,0,0,0,0,0,3,3,0,3,0,0,8,709.5539668,0,0,0,0,0,0,1,0,0,0,0,0,0,0,0,0,1,0,0,1,0,3,643.4333,21.63564,0.304497468,Not Detected,429.333649,16.69884362
2017,42,SW,0,0,0,0,0,0,3,3,0,2,0,0,8,175.8817937,0,0,0,0,0,0,1,0,0,0,0,0,0,0,0,0,1,0,0,1,0,3,482.6691,22.83567,0.152625037,Detected,338.0974441,16.45239363
2017,43,SW,0,0,0,0,0,0,1,0,0,1,0,0,8,709.5539668,0,0,0,0,0,0,1,0,0,0,0,0,0,0,0,0,1,0,0,1,0,3,636.88441,20.83101,0.026498696,Not Detected,335.2600198,16.44353876
2017,44,NW,0,0,0,0,0,0,3,3,0,1,0,0,8,587.8591467,0,0,0,0,0,0,0,1,0,0,0,0,0,0,0,0,1,0,1,0,0,4,523.49618,20.46757,0.361500568,Not Detected,303.1614892,16.40369687
2017,45,NW,0,0,0,0,0,0,4,0,0,1,0,0,5,131.6237099,0,0,0,0,0,0,0,1,0,0,0,0,0,0,0,0,1,0,1,0,0,4,566.24732,19.961,0.278811991,Not Detected,325.6726837,15.82855516
2017,46,NW,0,0,0,0.005,0.00125,1,4,0,2,1,0,0,5,188.0807936,0,0,0,0,0,0,0,1,0,0,0,0,0,0,0,0,1,0,1,0,0,4,545.10917,19.88169,0.361500568,Not Detected,329.215219,15.80289526
2017,47,NW,0,0,0,0,0,0,3,3,0,1,0,0,3,25.74373789,0,0,0,0,0,0,0,1,0,0,0,0,0,0,0,0,1,0,1,0,0,4,498.64129,17.67079,0.03135285,Not Detected,303.1614892,16.40369687
2017,48,NW,0,0,0,0,0,0,4,4,0,1,0,0,5,131.6237099,0,0,0,0,0,0,0,1,0,0,0,0,0,0,0,0,1,0,1,0,0,4,553.46792,20.11641,0.276329784,Detected,303.2135317,16.14568951
2017,49,NW,0,0,0,0,0,0,4,4,0,1,0,0,6,225.5852848,0,0,0,0,0,0,0,1,0,0,0,0,0,0,0,0,1,0,1,0,0,4,520.2823,18.35137,0.147156334,Detected,303.2135317,16.14568951
2017,50,NW,0,0,0,0,0,0,2,0,0,1,0,0,4,37.66213506,0,0,0,0,0,0,0,1,0,0,0,0,0,0,0,0,1,0,1,0,0,4,607.47938,19.71519,0.373069313,Not Detected,313.3899759,16.44408848
2017,51,NW,0,0,0,0.005,0.00125,1,3,3,2,1,0,0,5,271.7837917,0,0,0,0,0,0,0,1,0,0,0,0,0,0,0,0,1,0,1,0,0,4,440.01504,20.87228,0.339887664,Not Detected,307.5410475,16.34916384
2017,52,NW,0,0,0,0,0,0,4,0,0,1,0,0,5,188.0807936,0,0,0,0,0,0,0,1,0,0,0,0,0,0,0,0,1,0,1,0,0,4,577.57506,19.15399,0.326549675,Not Detected,325.6726837,15.82855516
2017,53,NW,0,0,0,0,0,0,3,3,0,1,0,0,3,119.7053128,0,0,0,0,0,0,0,1,0,0,0,0,0,0,0,0,1,0,1,0,0,4,568.02249,21.46462,0.230231635,Detected,303.1614892,16.40369687
2017,54,NW,0,0,0,0,0,0,1,1,0,1,0,0,6,225.5852848,0,0,0,0,0,0,0,1,0,0,0,0,0,0,0,0,1,0,1,0,0,4,577.11027,20.78113,0.373069313,Not Detected,319.1907477,16.78023635
2017,55,NW,0,0,0,0,0,0,3,3,0,1,0,0,3,131.6237099,0,0,0,0,0,0,0,1,0,0,0,0,0,0,0,0,1,0,1,0,0,4,529.10226,21.85699,0.373069313,Not Detected,303.1614892,16.40369687
2017,56,NW,0,0,0,0,0,0,0,0,0,1,0,0,4,44.81317337,0,0,0,0,0,0,0,1,0,0,0,0,0,0,0,0,1,0,1,0,0,4,461.75776,21.39093,0.291030743,Detected,312.305816,16.4238302
2017,57,NE,0,0,0,0.04,0.01,1,2,2,2,5,0,0,6,117.1990355,0,0,0,0,0,0,0,0,1,0,0,0,0,0,0,0,1,1,0,0,0,5,458.21205,21.96609,0.291030743,Detected,314.4241585,17.16225111
2017,58,NE,0,0,0,0.005,0.00125,1,1,1,2,1,0,0,12,480.9813159,0,0,0,0,0,0,0,0,1,0,0,0,0,0,0,0,1,1,0,0,0,5,471.67797,21.52056,0.291030743,Detected,207.1096677,16.60878069
2017,59,NE,0,0,0,0,0,0,1,1,0,1,0,0,12,471.9689957,0,0,0,0,0,0,0,0,1,0,0,0,0,0,0,0,1,1,0,0,0,5,557.85202,20.50676,0.291030743,Detected,196.6895747,16.67004377
2017,60,NE,0,0,0,0,0,0,3,3,0,3,0,0,9,241.7163016,0,0,0,0,0,0,0,0,1,0,0,0,0,0,0,0,1,1,0,0,0,5,588.74811,19.33103,0.047334424,Detected,305.264444,16.55945022
2017,61,NW,0,0,0,0,0,0,3,3,0,5,0,0,9,338.0269158,0,0,0,0,0,0,0,0,1,0,0,0,0,0,0,0,1,0,1,0,0,5,536.96445,20.23262,0.317539278,Not Detected,340.9630715,16.75037618
2017,63,NE,0,0.0125,0.37,0.9,0.320625,1,4,4,2,5,0.003125,1,11,461.5763669,9,9,0,0,0,0,0,0,1,0,0,0,0,0,0,0,1,1,0,0,0,5,360.83047,20.91398,0.375352652,Not Detected,200.9232962,16.90841494
2017,64,NE,0,0,0,0,0,0,1,1,0,1,0,0,9,348.7731313,0,0,0,0,0,0,0,0,1,0,0,0,0,0,0,0,1,1,0,0,0,5,343.89873,22.76806,0.252442482,Not Detected,196.6895747,16.67004377
2017,65,NE,0,0,0,0,0,0,1,1,0,1,0,0,9,252.4625171,0,0,0,0,0,0,0,0,1,0,0,0,0,0,0,0,1,1,0,0,0,5,525.40551,21.32169,0.375352652,Not Detected,196.6895747,16.67004377
2017,66,NE,0,0,0,0.04,0.01,1,4,0,2,1,0,0,11,567.2120322,0,0,0,0,0,0,0,0,1,0,0,0,0,0,0,0,1,1,0,0,0,5,621.22722,21.85088,0.32372309,Not Detected,233.8553466,15.67075137
2017,67,NE,0,0,0.015,0.33,0.08625,1,4,0,2,1,0,0,11,570.3902715,0,0,0,0,0,0,0,0,1,0,0,0,0,0,0,0,1,1,0,0,0,5,512.74579,18.4424,0.120481492,Detected,233.8553466,15.67075137
2017,68,NE,0,0,0.04,0.505,0.13625,1,4,0,2,1,0,0,11,567.2120322,0,0,0,0,0,0,0,0,1,0,0,0,0,0,0,0,1,1,0,0,0,5,506.55725,20.30063,0.353241382,Not Detected,233.8553466,15.67075137
2017,69,NE,0,0,0.005,0.01,0.00375,1,4,0,2,1,0,0,11,570.3902715,0,0,0,0,0,0,0,0,1,0,0,0,0,0,0,0,1,1,0,0,0,5,489.32947,19.93842,0.375352652,Not Detected,233.8553466,15.67075137
2017,70,NE,0,0,0.045,0.025,0.0175,1,3,3,2,1,0,0,11,445.6125539,0,0,0,0,0,0,0,0,1,0,0,0,0,0,0,0,1,1,0,0,0,5,427.08565,21.34852,0.32372309,Not Detected,218.182692,16.2126295
2017,71,NW,0,0,0,0,0,0,5,0,0,1,0,0,6,458.0769825,0,0,0,0,0,0,0,0,0,1,0,0,0,0,0,0,1,0,1,0,0,6,638.80884,19.83466,0.32372309,Not Detected,323.6878844,15.82855516
2017,72,NW,0,0,0,0,0,0,4,0,0,1,0,0,6,458.0769825,0,0,0,0,0,0,0,0,0,1,0,0,0,0,0,0,1,0,1,0,0,6,544.84007,18.69098,0.353241382,Not Detected,323.6878844,15.82855516
2017,73,NW,0,0,0,0,0,0,4,4,0,1,0,0,6,458.0769825,0,0,0,0,0,0,0,0,0,1,0,0,0,0,0,0,1,0,1,0,0,6,555.65317,18.75732,0.195238838,Not Detected,301.3469988,16.14568951
2017,74,NW,0,0,0,0,0,0,4,0,0,1,0,0,6,458.0769825,0,0,0,0,0,0,0,0,0,1,0,0,0,0,0,0,1,0,1,0,0,6,569.16279,18.01765,0.139639305,Not Detected,323.6878844,15.82855516
2017,75,NW,0,0,0,0,0,0,3,3,0,1,0,0,6,458.0769825,0,0,0,0,0,0,0,0,0,1,0,0,0,0,0,0,1,0,1,0,0,6,578.73919,19.389,0.183857087,Not Detected,301.1535476,16.40369687
2017,76,NW,0,0,0,0.005,0.00125,1,4,0,2,1,0,0,6,326.738211,0,0,0,0,0,0,0,0,0,1,0,0,0,0,0,0,1,0,1,0,0,6,611.2668,19.65538,0.080451209,Not Detected,327.265308,15.80289526
2017,77,NW,0,0,0,0,0,0,1,1,0,1,0,0,7,502.1440949,0,0,0,0,0,0,0,0,0,1,0,0,0,0,0,0,1,0,1,0,0,6,319.60415,22.58842,0.301531432,Not Detected,317.1104208,16.78023635
2017,78,NW,0,0,0,0,0,0,4,0,0,1,0,0,6,370.8053234,0,0,0,0,0,0,0,0,0,1,0,0,0,0,0,0,1,0,1,0,0,6,620.80057,22.02704,0.080451209,Not Detected,323.6878844,15.82855516
2017,79,NW,0,0,0,0,0,0,3,3,0,1,0,0,6,458.0769825,0,0,0,0,0,0,0,0,0,1,0,0,0,0,0,0,1,0,1,0,0,6,588.0603,20.80905,0.35426611,Not Detected,301.1535476,16.40369687
2017,80,NW,0,0,0,0,0,0,3,3,0,1,0,0,4,326.738211,0,0,0,0,0,0,0,0,0,1,0,0,0,0,0,0,1,0,1,0,0,6,528.8441,19.05869,0.276137762,Not Detected,301.1535476,16.40369687
2017,81,NW,0,0,0,0,0,0,1,1,0,1,0,0,7,326.738211,0,0,0,0,0,0,0,0,0,1,0,0,0,0,0,0,1,0,1,0,0,6,617.2104,18.25474,0.276137762,Not Detected,317.1104208,16.78023635
2017,82,SE,0,0,0,0,0,0,2,2,0,2,0,0,7,658.0923648,0,0,0,0,0,0,0,0,0,0,1,0,0,0,0,0,1,0,0,0,1,7,496.11164,22.40395,0.252007171,Not Detected,384.1868788,17.80496375
2017,84,SE,0,0,0,0,0,0,0,0,0,3,0,0,6,379.6230511,0,0,0,0,0,0,0,0,0,0,1,0,0,0,0,0,1,0,0,0,1,7,639.56694,20.7917,0.31055019,Detected,442.4707253,17.14468855
2017,86,SW,0,0,0,0,0,0,3,3,0,5,0,0,6,469.5771869,0,0,0,0,0,0,0,0,0,0,1,0,0,0,0,0,1,0,0,1,0,7,465.57254,22.79044,0.33706966,Detected,359.9252251,16.77931353
2017,87,SE,0,0,0,0,0,0,3,3,0,2,0,0,7,718.6027835,0,0,0,0,0,0,0,0,0,0,1,0,0,0,0,0,1,0,0,0,1,7,510.20641,20.89107,0.312632379,Detected,358.6101313,17.08484483
2017,88,SE,0,0,0,0,0,0,3,3,0,5,0,0,8,763.5227337,0,0,0,0,0,0,0,0,0,0,1,0,0,0,0,0,1,0,0,0,1,7,507.86541,19.82166,0.125424796,Detected,378.6387312,17.40141418
2017,90,SE,0,0,0,0,0,0,3,3,0,2,0,0,6,475.9336654,0,0,0,0,0,0,0,0,0,0,1,0,0,0,0,0,1,0,0,0,1,7,516.13625,20.45875,0.312632379,Detected,358.6101313,17.08484483
2017,91,SE,0,0,0,0,0,0,1,1,0,1,0,0,7,664.4488432,0,0,0,0,0,0,0,0,0,0,1,0,0,0,0,0,1,0,0,0,1,7,508.05028,19.32026,0.327187526,Detected,363.8779417,17.53640493
2017,92,SE,0,0,0,0,0,0,3,3,0,3,0,0,8,763.5227337,0,0,0,0,0,0,0,0,0,0,1,0,0,0,0,0,1,0,0,0,1,7,697.29588,19.21126,0.324201264,Not Detected,447.5422179,17.3023426
2017,93,SE,0,0,0,0,0,0,3,3,0,3,0,0,8,602.198941,0,0,0,0,0,0,0,0,0,0,1,0,0,0,0,0,1,0,0,0,1,7,494.36217,20.17662,0.312632379,Detected,447.5422179,17.3023426
2017,94,SE,0,0,0,0,0,0,1,1,0,3,0,0,7,664.4488432,0,0,0,0,0,0,0,0,0,0,1,0,0,0,0,0,1,0,0,0,1,7,600.8443,21.41778,0.301531432,Not Detected,465.1407352,17.82949884
2017,95,SE,0,0,0,0.005,0.00125,1,1,1,2,3,0,0,8,763.5227337,0,0,0,0,0,0,0,0,0,0,1,0,0,0,0,0,1,0,0,0,1,7,777.06421,21.62672,0.324201264,Not Detected,479.9782287,17.73710365
2017,96,SE,0,0,0,0.01,0.0025,1,1,1,2,1,0,0,7,664.4488432,0,0,0,0,0,0,0,0,0,0,1,0,0,0,0,0,1,0,0,0,1,7,570.05091,20.59835,0.312632379,Detected,370.8515384,17.45082339
2017,97,SE,0,0,0,0.06,0.015,1,3,3,2,2,0,0,7,868.9531026,0,0,0,0,0,0,0,0,0,0,1,0,0,0,0,0,1,0,0,0,1,7,522.0978,20.15899,0.35516892,Not Detected,365.6019816,17.01361069
2017,98,SE,0,0,0,0.01,0.0025,1,3,3,2,5,0,0,6,713.9857885,0,0,0,0,0,0,0,0,0,0,1,0,0,0,0,0,1,0,0,0,1,7,497.66655,20.88162,0.328505419,Not Detected,378.6414885,17.32471869
2017,99,SE,0,0,0.005,0.01,0.00375,1,3,3,2,2,0,0,7,868.9531026,0,0,0,0,0,0,0,0,0,0,1,0,0,0,0,0,1,0,0,0,1,7,430.60493,22.28121,0.353541678,Detected,365.6019816,17.01361069
2017,100,SE,0,0.0025,0,0.22,0.055625,1,4,0,2,3,0.000625,1,10,911.1097766,0,0,0,0,0,0,0,0,0,0,1,0,0,0,0,0,1,0,0,0,1,7,363.54963,18.92981,0.031161493,Detected,488.3373261,16.46827221
2017,101,SE,0,0,0,0,0,0,0,0,0,2,0,0,6,469.5771869,0,0,0,0,0,0,0,0,0,0,1,0,0,0,0,0,1,0,0,0,1,7,510.21736,19.0776,0.372599092,Detected,367.7565561,17.11475809
2017,102,SE,0,0,0,0.015,0.00375,1,3,3,2,2,0,0,7,868.9531026,0,0,0,0,0,0,0,0,0,0,1,0,0,0,0,0,1,0,0,0,1,7,475.95872,19.52406,0.165789293,Not Detected,365.6019816,17.01361069
2017,103,SE,0,0,0,0,0,0,3,3,0,5,0,0,8,757.1662552,0,0,0,0,0,0,0,0,0,0,1,0,0,0,0,0,1,0,0,0,1,7,625.50963,13.40564,0.372599092,Detected,378.6387312,17.40141418
2017,105,SE,0,0,0,0,0,0,0,0,0,2,0,0,6,451.1651927,0,0,0,0,0,0,0,0,0,0,1,0,0,0,0,0,1,0,0,0,1,7,553.70737,18.58086,0.173474192,Not Detected,367.7565561,17.11475809
2017,106,SE,0,0,0,0.025,0.00625,1,3,3,2,2,0,0,6,670.8053217,0,0,0,0,0,0,0,0,0,0,1,0,0,0,0,0,1,0,0,0,1,7,556.06425,18.68364,0.258583734,Not Detected,365.6019816,17.01361069
2017,107,SW,0,0,0,0,0,0,4,0,0,3,0,0,10,658.0923648,0,0,0,0,0,0,0,0,0,0,1,0,0,0,0,0,1,0,0,1,0,7,796.53224,19.22703,0.355694531,Not Detected,442.1285765,16.04699316
2017,108,SW,0,0,0,0,0,0,0,0,0,3,0,0,6,531.8270891,0,0,0,0,0,0,0,0,0,0,1,0,0,0,0,0,1,0,0,1,0,7,522.27428,20.76366,0.258583734,Not Detected,415.3139445,16.66089861
2017,111,SW,0,0,0,0.27,0.0675,1,1,1,2,2,0,0,5,215.1480517,0,0,0,0,0,0,0,0,0,0,0,1,0,0,0,0,1,0,0,1,0,8,472.31106,19.62187,0.227919747,Not Detected,365.0348932,16.9127799
2017,112,SW,0,0,0,0.19,0.0475,1,4,4,2,4,0,0,8,398.8259919,0,0,0,0,0,0,0,0,0,0,0,1,0,0,0,0,1,0,0,1,0,8,548.65907,19.52381,0.345032663,Detected,401.6579289,16.6395799
2017,114,SW,0,0,0,0.83,0.2075,1,4,4,2,1,0,0,1,93.96157486,0,0,0,0,0,0,0,0,0,0,0,1,0,0,0,0,1,0,0,1,0,8,573.81068,18.94082,0.139327401,Detected,345.9205311,16.16495131
2017,115,SW,0,0,0,0,0,0,4,0,0,2,0,0,5,232.3744842,0,0,0,0,0,0,0,0,0,0,0,1,0,0,0,0,1,0,0,1,0,8,417.85042,20.62763,0.139306955,Detected,366.2878473,15.86251625
2017,116,SW,0,0,0,0.005,0.00125,1,4,4,2,1,0,0,7,358.0744366,0,0,0,0,0,0,0,0,0,0,0,1,0,0,0,0,1,0,0,1,0,8,499.70971,22.22815,0.296005442,Not Detected,345.9205311,16.16495131
2017,117,SW,0,0,0,0,0,0,2,0,0,1,0,0,2,100.3180533,0,0,0,0,0,0,0,0,0,0,0,1,0,0,0,0,1,0,0,1,0,8,391.55887,18.437,0.253396885,Detected,336.3089402,16.46385933
2017,118,SW,0,0,0,0,0,0,1,1,0,1,0,0,1,93.96157486,0,0,0,0,0,0,0,0,0,0,0,1,0,0,0,0,1,0,0,1,0,8,566.74593,22.06828,0.253396885,Detected,344.6364048,16.92156954
2017,119,SW,0,0,0,0,0,0,0,0,0,1,0,0,5,232.3744842,0,0,0,0,0,0,0,0,0,0,0,1,0,0,0,0,1,0,0,1,0,8,547.24343,19.73431,0.371762842,Detected,335.2600198,16.44353876
2017,120,SW,0,0,0,0,0,0,1,1,0,1,0,0,1,93.96157486,0,0,0,0,0,0,0,0,0,0,0,1,0,0,0,0,1,0,0,1,0,8,525.18787,19.66952,0.34940108,Detected,344.6364048,16.92156954
2017,121,SW,0,0,0,0,0,0,3,3,0,1,0,0,5,232.3744842,0,0,0,0,0,0,0,0,0,0,0,1,0,0,0,0,1,0,0,1,0,8,605.01415,22.02247,0.371762842,Detected,325.9829412,16.3913917
2017,123,NW,0,0,0,0.245,0.06125,1,2,2,2,1,0,0,9,420.3450792,0,0,0,0,0,0,0,0,0,0,0,0,1,0,0,0,1,0,1,0,0,9,576.38486,21.36622,0.217366767,Detected,329.0579513,16.54250198
2017,124,NE,0,0,0,0.015,0.00375,1,3,3,2,1,0,0,7,218.7532379,0,0,0,0,0,0,0,0,0,0,0,0,1,0,0,0,1,1,0,0,0,9,512.21383,22.008,0.277137191,Not Detected,229.8753609,16.04732457
2017,125,NE,0,0,0.01,0.12,0.0325,1,4,0,2,2,0,0,13,662.0846256,0,0,0,0,0,0,0,0,0,0,0,0,1,0,0,0,1,1,0,0,0,9,503.28374,20.46561,0.080129702,Detected,254.5132189,15.52129374
2017,126,NW,0,0,0,0,0,0,1,1,0,1,0,0,7,213.3182608,0,0,0,0,0,0,0,0,0,0,0,0,1,0,0,0,1,0,1,0,0,9,557.1325,20.34615,,,319.3551543,16.51388523
2017,127,NW,0.0025,0,0.015,0.035,0.013125,1,3,3,2,3,0.000625,1,10,435.1107837,0,0,0,0,0,0,0,0,0,0,0,0,1,0,0,0,1,0,1,0,0,9,390.64285,18.10019,,,408.5944036,16.47342863
2017,128,NW,0,0,0.005,0,0.00125,1,3,3,2,3,0,0,7,253.2061029,0,0,0,0,0,0,0,0,0,0,0,0,1,0,0,0,1,0,1,0,0,9,508.15798,19.74908,,,397.24841,16.35277611
2017,129,NW,0,0,0.045,0.24,0.07125,1,4,0,2,1,0,0,13,473.8702569,0,0,0,0,0,0,0,0,0,0,0,0,1,0,0,0,1,0,1,0,0,9,504.7125,19.73997,,,335.5672104,15.57014806
2017,132,NW,0,0,0.01,0.005,0.00375,1,4,4,2,2,0,0,7,213.3182608,0,0,0,0,0,0,0,0,0,0,0,0,1,0,0,0,1,0,1,0,0,9,451.3718,21.07762,,,327.9181306,15.82655738
2017,133,NW,0,0,0.015,0.265,0.07,1,4,0,2,1,0,0,13,749.7820235,0,0,0,0,0,0,0,0,0,0,0,0,1,0,0,0,1,0,1,0,0,9,476.78797,19.74862,,,335.5672104,15.57014806
2017,134,NW,0,0,0,0.1,0.025,1,3,3,2,5,0,0,6,187.478612,0,0,0,0,0,0,0,0,0,0,0,0,1,0,0,0,1,0,1,0,0,9,365.3849,21.34338,,,336.4011808,16.5080749
2017,135,NW,0,0,0,0,0,0,3,3,0,5,0,0,6,183.6254582,0,0,0,0,0,0,0,0,0,0,0,0,1,0,0,0,1,0,1,0,0,9,523.98659,19.95973,,,335.6634583,16.56578079
2017,136,NW,0,0,0.005,0,0.00125,1,4,0,2,2,0,0,13,614.3570699,0,0,0,0,0,0,0,0,0,0,0,0,1,0,0,0,1,0,1,0,0,9,534.22927,20.54394,,,335.8350642,15.51677777
