Year,Field.ID,Grower,Quadrant,Mildew_Apr,Mildew_May,Mildew_Jun,Mildew_Jul,Mildew_Apr_Dummy,Mildew_May_Dummy,Mildew_Jun_Dummy,Mildew_Jul_Dummy,Mildew.Incidence,Mildew.Incidence_Dummy,Susceptibility to V6 strains,Susceptibility to nonV6 strains,Initial strain,Pruning thoroughness,FlagShoot.Incidence,FlagShoot.Incidence_Dummy,YearlyCon,YearlyTCost,Grower_1,Grower_2,Grower_3,Grower_4,Grower_5,Grower_6,Grower_7,Grower_8,Grower_9,YearDummy_2014,YearDummy_2015,YearDummy_2016,YearDummy_2017,NE,NW,SW,SE,Direction_Ordinal,Grower_Ordinal,Prediction,ATE
2014,1,1,SW,0,0,0,0.01,0,0,0,1,0.0025,1,1,1,0,3,0,0,8,101.5202352,1,0,0,0,0,0,0,0,0,1,0,0,0,0,0,1,0,3,1,17.91522,17.10800401
2014,2,1,SW,0,0,0,0.01,0,0,0,1,0.0025,1,4,4,1,3,0,0,8,101.5202352,1,0,0,0,0,0,0,0,0,1,0,0,0,0,0,1,0,3,1,15.52822,16.10622423
2014,3,1,SW,0,0,0,0.01,0,0,0,1,0.0025,1,4,4,1,3,0,0,8,101.5202352,1,0,0,0,0,0,0,0,0,1,0,0,0,0,0,1,0,3,1,16.78023,16.10622423
2014,4,1,SW,0,0,0.05,0.1,0,0,1,1,0.0375,1,2,2,1,4,0,0,8,101.5202352,1,0,0,0,0,0,0,0,0,1,0,0,0,0,0,1,0,3,1,17.85517,17.58125862
2014,5,1,SE,0,0,0,0,0,0,0,0,0,0,1,1,0,3,0,0,8,101.5202352,1,0,0,0,0,0,0,0,0,1,0,0,0,0,0,0,1,4,1,17.05914,17.55148054
2014,6,1,SW,0,0,0,0,0,0,0,0,0,0,1,1,0,3,0,0,8,101.5202352,1,0,0,0,0,0,0,0,0,1,0,0,0,0,0,1,0,3,1,17.04871,17.10800401
2014,7,1,SW,0,0,0.01,0.02,0,0,1,1,0.0075,1,4,4,0,4,0,0,8,101.5202352,1,0,0,0,0,0,0,0,0,1,0,0,0,0,0,1,0,3,1,17.03282,16.45353812
2014,9,1,SE,0,0,0,0.16,0,0,0,1,0.04,1,1,1,1,2,0,0,8,101.5202352,1,0,0,0,0,0,0,0,0,1,0,0,0,0,0,0,1,4,1,16.84305,17.19651198
2014,10,1,NE,0,0.01,0.1,0.07,0,1,1,1,0.045,1,2,2,1,5,0,0,8,101.5202352,1,0,0,0,0,0,0,0,0,1,0,0,0,1,0,0,0,1,1,14.18543,16.35240672
2014,11,1,SE,0,0.13,0.09,0.02,0,1,1,1,0.06,1,2,2,1,3,0,0,8,101.5202352,1,0,0,0,0,0,0,0,0,1,0,0,0,0,0,0,1,4,1,18.71249,17.74197184
2014,12,1,NE,0.01,0,0.48,0.12,1,0,1,1,0.1525,1,4,4,1,3,0.0025,1,10,150.0082875,1,0,0,0,0,0,0,0,0,1,0,0,0,1,0,0,0,1,1,16.95062,15.2774956
2014,13,1,SE,0,0,0.03,0.01,0,0,1,1,0.01,1,1,1,1,3,0,0,8,101.5202352,1,0,0,0,0,0,0,0,0,1,0,0,0,0,0,0,1,4,1,16.79291,17.55148054
2014,14,1,NE,0,0,0.36,0.09,0,0,1,1,0.1125,1,3,3,1,5,0,0,8,101.5202352,1,0,0,0,0,0,0,0,0,1,0,0,0,1,0,0,0,1,1,16.60281,15.86871012
2014,15,1,SE,0,0.03,0.04,0.14,0,1,1,1,0.0525,1,3,3,2,3,0,0,8,101.5202352,1,0,0,0,0,0,0,0,0,1,0,0,0,0,0,0,1,4,1,15.11518,15.79196421
2014,16,1,SW,0,0,0,0,0,0,0,0,0,0,1,1,0,3,0,0,8,101.5202352,1,0,0,0,0,0,0,0,0,1,0,0,0,0,0,1,0,3,1,17.1506,17.10800401
2014,17,1,SE,0,0,0.01,0.04,0,0,1,1,0.0125,1,1,1,1,3,0,0,8,101.5202352,1,0,0,0,0,0,0,0,0,1,0,0,0,0,0,0,1,4,1,17.39293,17.55148054
2014,18,1,SW,0,0,0.02,0.03,0,0,1,1,0.0125,1,4,4,1,4,0,0,10,150.0082875,1,0,0,0,0,0,0,0,0,1,0,0,0,0,0,1,0,3,1,16.29299,16.45353812
2014,19,1,SE,0,0,0.01,0.02,0,0,1,1,0.0075,1,1,1,1,3,0,0,8,101.5202352,1,0,0,0,0,0,0,0,0,1,0,0,0,0,0,0,1,4,1,17.73527,17.55148054
2014,20,1,SE,0,0,0,0.05,0,0,0,1,0.0125,1,1,1,1,5,0,0,8,101.5202352,1,0,0,0,0,0,0,0,0,1,0,0,0,0,0,0,1,4,1,18.03022,18.02721728
2014,21,1,SE,0,0.01,0.02,0.13,0,1,1,1,0.04,1,4,4,1,5,0,0,10,150.0082875,1,0,0,0,0,0,0,0,0,1,0,0,0,0,0,0,1,4,1,14.38302,16.9889395
2014,22,1,SE,0,0,0,0,0,0,0,0,0,0,3,3,0,3,0,0,8,101.5202352,1,0,0,0,0,0,0,0,0,1,0,0,0,0,0,0,1,4,1,18.00508,17.04542147
2014,23,1,SW,0,0.0075,0.11,0.12,0,1,1,1,0.059375,1,3,3,1,4,0,0,8,101.5202352,1,0,0,0,0,0,0,0,0,1,0,0,0,0,0,1,0,3,1,18.58821,16.8417936
2014,25,2,NE,0.03,0.38,1,0.99,1,1,1,1,0.6,1,4,4,1,5,0.0275,1,8,111.6168623,0,1,0,0,0,0,0,0,0,1,0,0,0,1,0,0,0,1,2,27.82759,15.44543788
2014,26,2,NE,0,0.01,0.08,0.09,0,1,1,1,0.045,1,2,0,2,2,0,0,5,26.4675041,0,1,0,0,0,0,0,0,0,1,0,0,0,1,0,0,0,1,2,16.10689,15.23955393
2014,27,2,SE,0,0,0.12,0.42,0,0,1,1,0.135,1,4,0,2,5,0,0,13,185.3805765,0,1,0,0,0,0,0,0,0,1,0,0,0,0,0,0,1,4,2,18.64514,16.01463731
2014,28,2,SE,0,0,0.55,0.82,0,0,1,1,0.3425,1,4,0,2,4,0,0,13,185.3805765,0,1,0,0,0,0,0,0,0,1,0,0,0,0,0,0,1,4,2,15.87397,15.71505162
2014,29,2,SE,0,0,0,0,0,0,0,0,0,0,1,1,0,5,0,0,4,16.07265282,0,1,0,0,0,0,0,0,0,1,0,0,0,0,0,0,1,4,2,16.14623,17.47692826
2014,30,2,NE,0,0.12,0.88,0.39,0,1,1,1,0.3475,1,3,3,2,2,0,0,10,110.7949512,0,1,0,0,0,0,0,0,0,1,0,0,0,1,0,0,0,1,2,16.39902,15.34969209
2014,31,2,NE,0.03,0.07,0.94,0.71,1,1,1,1,0.4375,1,5,0,2,4,0.01,1,17,329.3161286,0,1,0,0,0,0,0,0,0,1,0,0,0,1,0,0,0,1,2,13.37039,15.54131159
2014,32,2,NE,0,0,0.82,0.36,0,0,1,1,0.295,1,4,0,2,2,0,0,13,185.3805765,0,1,0,0,0,0,0,0,0,1,0,0,0,1,0,0,0,1,2,15.4404,14.89397564
2014,33,2,NE,0,0,0.47,0.14,0,0,1,1,0.1525,1,4,4,2,4,0,0,8,111.6168623,0,1,0,0,0,0,0,0,0,1,0,0,0,1,0,0,0,1,2,16.33365,15.5112135
2014,34,2,NE,0,0.06,0.87,1,0,1,1,1,0.4825,1,3,3,2,4,0.0025,1,10,110.7949512,0,1,0,0,0,0,0,0,0,1,0,0,0,1,0,0,0,1,2,18.39413,15.94544932
2014,35,4,NW,0,0,0,0,0,0,0,0,0,0,4,0,0,1,0,0,6,29.65588494,0,0,0,1,0,0,0,0,0,1,0,0,0,0,1,0,0,2,4,14.83423,15.22298394
2014,36,4,NW,0,0,0,0,0,0,0,0,0,0,4,0,0,1,0,0,6,29.65588494,0,0,0,1,0,0,0,0,0,1,0,0,0,0,1,0,0,2,4,14.92208,15.22298394
2014,37,4,NW,0,0,0,0.01,0,0,0,1,0.0025,1,3,3,2,3,0,0,4,27.57387158,0,0,0,1,0,0,0,0,0,1,0,0,0,0,1,0,0,2,4,16.40456,15.8663071
2014,38,4,NW,0,0,0,0,0,0,0,0,0,0,4,4,0,2,0,0,4,29.01725438,0,0,0,1,0,0,0,0,0,1,0,0,0,0,1,0,0,2,4,16.01024,15.31509349
2014,39,4,NW,0,0,0,0,0,0,0,0,0,0,4,4,0,2,0,0,4,29.01725438,0,0,0,1,0,0,0,0,0,1,0,0,0,0,1,0,0,2,4,14.9016,15.31509349
2014,41,4,NW,0,0,0.02,0.02,0,0,1,1,0.01,1,3,3,2,5,0,0,3,27.9762477,0,0,0,1,0,0,0,0,0,1,0,0,0,0,1,0,0,2,4,15.73136,16.21039138
2014,42,4,NW,0,0,0,0,0,0,0,0,0,0,4,0,0,1,0,0,6,29.65588494,0,0,0,1,0,0,0,0,0,1,0,0,0,0,1,0,0,2,4,15.75296,15.22298394
2014,43,4,NW,0,0,0,0,0,0,0,0,0,0,3,3,0,3,0,0,4,27.57387158,0,0,0,1,0,0,0,0,0,1,0,0,0,0,1,0,0,2,4,17.40506,16.03599241
2014,44,4,NW,0,0,0,0,0,0,0,0,0,0,3,3,0,2,0,0,4,27.57387158,0,0,0,1,0,0,0,0,0,1,0,0,0,0,1,0,0,2,4,15.87822,15.75091464
2014,45,4,NW,0,0,0,0,0,0,0,0,0,0,1,1,0,2,0,0,4,29.01725438,0,0,0,1,0,0,0,0,0,1,0,0,0,0,1,0,0,2,4,15.30996,16.10292587
2014,46,5,NE,0,0,0,0.01,0,0,0,1,0.0025,1,2,2,2,4,0,0,12,40.81055777,0,0,0,0,1,0,0,0,0,1,0,0,0,1,0,0,0,1,5,16.69199,16.63969917
2014,47,5,NE,0,0,0,0,0,0,0,0,0,0,1,1,0,1,0,0,9,15.4511752,0,0,0,0,1,0,0,0,0,1,0,0,0,1,0,0,0,1,5,15.61664,15.95934079
2014,48,5,NE,0,0,0,0,0,0,0,0,0,0,3,3,0,5,0,0,2,3.732667965,0,0,0,0,1,0,0,0,0,1,0,0,0,1,0,0,0,1,5,16.92575,16.32148994
2014,49,5,NE,0,0,0,0,0,0,0,0,0,0,0,0,0,1,0,0,9,15.4511752,0,0,0,0,1,0,0,0,0,1,0,0,0,1,0,0,0,1,5,16.08523,15.61834209
2014,50,5,NE,0,0,0,0,0,0,0,0,0,0,1,1,0,1,0,0,4,7.205084261,0,0,0,0,1,0,0,0,0,1,0,0,0,1,0,0,0,1,5,15.8345,15.95934079
2014,51,5,NE,0,0,0.01,0,0,0,1,0,0.0025,1,1,1,2,3,0,0,4,7.205084261,0,0,0,0,1,0,0,0,0,1,0,0,0,1,0,0,0,1,5,16.07215,16.25241982
2014,52,5,NE,0,0,0.14,0.16,0,0,1,1,0.075,1,4,0,2,4,0,0,9,28.27214541,0,0,0,0,1,0,0,0,0,1,0,0,0,1,0,0,0,1,5,16.05376,16.09921611
2014,53,5,NE,0,0,0.08,0.25,0,0,1,1,0.0825,1,4,0,2,2,0,0,9,28.27214541,0,0,0,0,1,0,0,0,0,1,0,0,0,1,0,0,0,1,5,16.51938,15.48440473
2014,54,5,NE,0,0,0.07,0.4,0,0,1,1,0.1175,1,4,0,2,1,0,0,9,28.27214541,0,0,0,0,1,0,0,0,0,1,0,0,0,1,0,0,0,1,5,15.16929,15.44499194
2014,55,5,NE,0,0,0.1,0,0,0,1,0,0.025,1,4,0,2,4,0,0,9,28.27214541,0,0,0,0,1,0,0,0,0,1,0,0,0,1,0,0,0,1,5,15.31166,16.09921611
2014,56,6,NW,0,0,0,0.43,0,0,0,1,0.1075,1,5,0,2,2,0,0,8,96.39946526,0,0,0,0,0,1,0,0,0,1,0,0,0,0,1,0,0,2,6,14.84758,15.0722089
2014,57,6,NW,0,0,0,0.01,0,0,0,1,0.0025,1,4,0,2,2,0,0,8,96.39946526,0,0,0,0,0,1,0,0,0,1,0,0,0,0,1,0,0,2,6,15.59627,15.0722089
2014,58,6,NW,0,0,0,0.19,0,0,0,1,0.0475,1,4,4,2,3,0,0,8,96.39946526,0,0,0,0,0,1,0,0,0,1,0,0,0,0,1,0,0,2,6,15.43825,15.53547217
2014,59,6,NW,0,0,0.03,0.43,0,0,1,1,0.115,1,4,0,2,2,0,0,8,96.39946526,0,0,0,0,0,1,0,0,0,1,0,0,0,0,1,0,0,2,6,14.58489,15.0722089
2014,60,6,NW,0,0,0,0.02,0,0,0,1,0.005,1,3,3,2,1,0,0,6,63.95562529,0,0,0,0,0,1,0,0,0,1,0,0,0,0,1,0,0,2,6,16.08843,15.55525486
2014,61,6,NW,0,0,0.06,0.18,0,0,1,1,0.06,1,4,0,2,2,0,0,8,96.39946526,0,0,0,0,0,1,0,0,0,1,0,0,0,0,1,0,0,2,6,16.05007,15.55357573
2014,62,6,NW,0,0,0,0,0,0,0,0,0,0,1,1,0,3,0,0,4,33.62382216,0,0,0,0,0,1,0,0,0,1,0,0,0,0,1,0,0,2,6,16.25296,16.46534775
2014,63,6,NW,0,0,0.02,0.01,0,0,1,1,0.0075,1,4,0,2,2,0,0,8,96.39946526,0,0,0,0,0,1,0,0,0,1,0,0,0,0,1,0,0,2,6,14.5664,15.0722089
2014,64,6,NW,0,0,0,0,0,0,0,0,0,0,3,3,0,1,0,0,6,63.95562529,0,0,0,0,0,1,0,0,0,1,0,0,0,0,1,0,0,2,6,16.0694,15.71721115
2014,65,6,NW,0,0,0,0,0,0,0,0,0,0,3,3,0,2,0,0,4,33.62382216,0,0,0,0,0,1,0,0,0,1,0,0,0,0,1,0,0,2,6,14.57613,15.75091464
2014,66,6,NW,0,0,0,0,0,0,0,0,0,0,1,1,0,3,0,0,4,33.62382216,0,0,0,0,0,1,0,0,0,1,0,0,0,0,1,0,0,2,6,16.95502,16.46534775
2014,67,7,SE,0,0,0,0.01,0,0,0,1,0.0025,1,4,4,2,1,0,0,10,100.8292138,0,0,0,0,0,0,1,0,0,1,0,0,0,0,0,0,1,4,7,17.17245,15.51441715
2014,68,7,SE,0,0,0,0,0,0,0,0,0,0,2,2,0,1,0,0,9,100.1905063,0,0,0,0,0,0,1,0,0,1,0,0,0,0,0,0,1,4,7,17.34765,16.85903199
2014,69,7,SE,0,0,0,0.02,0,0,0,1,0.005,1,1,1,2,2,0,0,9,100.1905063,0,0,0,0,0,0,1,0,0,1,0,0,0,0,0,0,1,4,7,15.8868,16.57039577
2014,70,7,SE,0,0,0,0,0,0,0,0,0,0,0,0,0,1,0,0,7,37.85663214,0,0,0,0,0,0,1,0,0,1,0,0,0,0,0,0,1,4,7,16.94479,16.31080951
2014,71,7,SE,0,0,0.01,0.02,0,0,1,1,0.0075,1,1,1,1,3,0,0,11,115.9148165,0,0,0,0,0,0,1,0,0,1,0,0,0,0,0,0,1,4,7,17.26632,17.04667923
2014,72,7,SE,0,0,0.05,0.041237113,0,0,1,1,0.022809278,1,3,3,1,2,0,0,7,67.15703306,0,0,0,0,0,0,1,0,0,1,0,0,0,0,0,0,1,4,7,16.6332,16.29573595
2014,73,7,SE,0,0,0.01,0,0,0,1,0,0.0025,1,3,3,1,1,0,0,10,91.12410587,0,0,0,0,0,0,1,0,0,1,0,0,0,0,0,0,1,4,7,16.9862,16.19575528
2014,74,7,SE,0,0,0,0.01,0,0,0,1,0.0025,1,3,3,1,2,0,0,5,79.38954102,0,0,0,0,0,0,1,0,0,1,0,0,0,0,0,0,1,4,7,16.68677,16.29573595
2014,75,7,SE,0,0,0.04,0.03,0,0,1,1,0.0175,1,3,3,1,1,0,0,10,137.7761482,0,0,0,0,0,0,1,0,0,1,0,0,0,0,0,0,1,4,7,16.00799,16.19575528
2014,76,7,SE,0,0,0,0.01,0,0,0,1,0.0025,1,1,1,1,1,0,0,11,115.9148165,0,0,0,0,0,0,1,0,0,1,0,0,0,0,0,0,1,4,7,17.74615,16.66898486
2014,77,7,SE,0,0,0,0,0,0,0,0,0,0,1,1,0,3,0,0,11,115.9148165,0,0,0,0,0,0,1,0,0,1,0,0,0,0,0,0,1,4,7,17.98515,17.04667923
2014,78,7,SE,0,0,0.02,0.05,0,0,1,1,0.0175,1,3,3,2,1,0,0,10,137.7761482,0,0,0,0,0,0,1,0,0,1,0,0,0,0,0,0,1,4,7,16.53645,16.01800074
2014,79,7,SE,0,0,0,0.05,0,0,0,1,0.0125,1,3,3,2,2,0,0,10,91.12410587,0,0,0,0,0,0,1,0,0,1,0,0,0,0,0,0,1,4,7,17.31786,16.1151889
2014,81,7,SE,0,0,0.03,0.02,0,0,1,1,0.0125,1,3,3,1,2,0,0,7,67.15703306,0,0,0,0,0,0,1,0,0,1,0,0,0,0,0,0,1,4,7,15.55763,16.29573595
2014,82,7,SE,0,0,0,0.04,0,0,0,1,0.01,1,3,3,0,5,0,0,3,25.66987958,0,0,0,0,0,0,1,0,0,1,0,0,0,0,0,0,1,4,7,16.0497,16.9270015
2014,83,7,SE,0,0,0.05,0.06,0,0,1,1,0.0275,1,3,3,1,2,0,0,7,67.15703306,0,0,0,0,0,0,1,0,0,1,0,0,0,0,0,0,1,4,7,16.62578,16.29573595
2014,84,7,SE,0,0,0.03,0,0,0,1,0,0.0075,1,4,0,2,2,0,0,10,92.21500116,0,0,0,0,0,0,1,0,0,1,0,0,0,0,0,0,1,4,7,15.91079,15.49724743
2014,85,7,SE,0,0,0,0,0,0,0,0,0,0,0,0,0,1,0,0,7,37.85663214,0,0,0,0,0,0,1,0,0,1,0,0,0,0,0,0,1,4,7,16.20501,16.31080951
2014,86,7,SE,0,0,0.01,0.03,0,0,1,1,0.01,1,3,3,1,3,0,0,3,25.66987958,0,0,0,0,0,0,1,0,0,1,0,0,0,0,0,0,1,4,7,15.75542,16.55222686
2014,87,7,SE,0,0,0.01,0,0,0,1,0,0.0025,1,1,1,2,4,0,0,5,50.29289788,0,0,0,0,0,0,1,0,0,1,0,0,0,0,0,0,1,4,7,18.0687,17.18032643
2014,88,7,SE,0,0.04,0.13,0.16,0,1,1,1,0.0825,1,3,3,1,2,0.005,1,7,67.15703306,0,0,0,0,0,0,1,0,0,1,0,0,0,0,0,0,1,4,7,17.86987,16.42356139
2014,89,7,SE,0,0,0,0.01,0,0,0,1,0.0025,1,3,3,1,1,0,0,10,91.12410587,0,0,0,0,0,0,1,0,0,1,0,0,0,0,0,0,1,4,7,16.28315,16.19575528
2014,90,7,SE,0,0,0,0,0,0,0,0,0,0,1,1,0,1,0,0,9,100.1905063,0,0,0,0,0,0,1,0,0,1,0,0,0,0,0,0,1,4,7,17.10376,16.66898486
2014,91,7,SW,0,0,0,0.02,0,0,0,1,0.005,1,3,3,1,3,0,0,7,67.15703306,0,0,0,0,0,0,1,0,0,1,0,0,0,0,0,1,0,3,7,15.59116,16.01044275
2014,92,7,SW,0,0,0,0,0,0,0,0,0,0,4,4,0,4,0,0,10,100.8292138,0,0,0,0,0,0,1,0,0,1,0,0,0,0,0,1,0,3,7,15.27159,15.91892511
2014,93,7,SW,0,0,0,0,0,0,0,0,0,0,0,0,0,1,0,0,7,37.85663214,0,0,0,0,0,0,1,0,0,1,0,0,0,0,0,1,0,3,7,15.55479,15.7690337
2014,95,9,NE,0,0,0.28,0.05,0,0,1,1,0.0825,1,5,0,2,4,0,0,9,64.39851471,0,0,0,0,0,0,0,0,1,1,0,0,0,1,0,0,0,1,10,17.22378,15.92486378
2014,96,9,NE,0,0,1,0.3,0,0,1,1,0.325,1,4,0,2,3,0,0,8,66.30942099,0,0,0,0,0,0,0,0,1,1,0,0,0,1,0,0,0,1,10,14.74905,14.71162446
2014,97,9,NW,0,0,0,0,0,0,0,0,0,0,1,1,0,4,0,0,9,43.3984049,0,0,0,0,0,0,0,0,1,1,0,0,0,0,1,0,0,2,10,16.72115,16.63609796
2014,98,9,NW,0,0.01,0.02,0.06,0,1,1,1,0.0225,1,3,3,2,3,0.0025,1,10,66.45991319,0,0,0,0,0,0,0,0,1,1,0,0,0,0,1,0,0,2,10,13.87018,16.19786532
2014,99,9,NW,0,0,0.01,0.06,0,0,1,1,0.0175,1,3,3,2,4,0,0,9,42.87790156,0,0,0,0,0,0,0,0,1,1,0,0,0,0,1,0,0,2,10,15.79933,16.00344087
2014,100,9,NW,0,0,0.4,0.12,0,0,1,1,0.13,1,4,0,2,1,0,0,8,66.30942099,0,0,0,0,0,0,0,0,1,1,0,0,0,0,1,0,0,2,10,14.49406,14.5582432
2014,101,9,NW,0,0,0.75,0.36,0,0,1,1,0.2775,1,4,0,2,4,0,0,8,66.30942099,0,0,0,0,0,0,0,0,1,1,0,0,0,0,1,0,0,2,10,13.86037,15.11869877
2014,102,9,NW,0,0,0.49,0.48,0,0,1,1,0.2425,1,4,0,2,3,0,0,8,66.30942099,0,0,0,0,0,0,0,0,1,1,0,0,0,0,1,0,0,2,10,13.29524,14.70094529
2014,103,9,NW,0,0,0.01,0,0,0,1,0,0.0025,1,4,4,2,4,0,0,12,93.42735239,0,0,0,0,0,0,0,0,1,1,0,0,0,0,1,0,0,2,10,15.42914,15.6685537
2014,104,9,NW,0,0,0.89,0.22,0,0,1,1,0.2775,1,4,0,2,3,0,0,8,66.30942099,0,0,0,0,0,0,0,0,1,1,0,0,0,0,1,0,0,2,10,14.32692,14.70094529
2014,105,9,NW,0,0.01,0.09,0.1,0,1,1,1,0.05,1,3,3,2,5,0,0,8,32.83435108,0,0,0,0,0,0,0,0,1,1,0,0,0,0,1,0,0,2,10,13.47737,16.39292549
2014,106,9,NW,0,0.03,0.3,0.44,0,1,1,1,0.1925,1,5,0,2,5,0,0,9,64.39851471,0,0,0,0,0,0,0,0,1,1,0,0,0,0,1,0,0,2,10,13.82374,15.24967985
2014,107,9,NW,0.01,0,0.08,0.07,1,0,1,1,0.04,1,3,3,2,5,0,0,8,32.83435108,0,0,0,0,0,0,0,0,1,1,0,0,0,0,1,0,0,2,10,16.26965,16.39292549
2014,108,9,NW,0.08,0.2,1,0.89,1,1,1,1,0.5425,1,4,0,2,2,0.025,1,8,66.30942099,0,0,0,0,0,0,0,0,1,1,0,0,0,0,1,0,0,2,10,17.47862,14.63804508
2015,1,1,SW,0,0,0,0,0,0,0,0,0,0,1,1,0,5,0,0,5,81.95493704,1,0,0,0,0,0,0,0,0,0,1,0,0,0,0,1,0,3,1,18.00191,18.13969667
2015,2,1,SW,0,0,0,0,0,0,0,0,0,0,4,4,0,5,0,0,5,81.95493704,1,0,0,0,0,0,0,0,0,0,1,0,0,0,0,1,0,3,1,18.58619,17.11388256
2015,3,1,SW,0,0,0,0,0,0,0,0,0,0,4,4,0,5,0,0,5,81.95493704,1,0,0,0,0,0,0,0,0,0,1,0,0,0,0,1,0,3,1,17.22245,17.11388256
2015,4,1,SW,0,0,0,0,0,0,0,0,0,0,2,2,0,5,0,0,5,81.95493704,1,0,0,0,0,0,0,0,0,0,1,0,0,0,0,1,0,3,1,18.3423,18.2123414
2015,5,1,SE,0,0,0.01,0,0,0,1,0,0.0025,1,1,1,0,4,0,0,5,81.95493704,1,0,0,0,0,0,0,0,0,0,1,0,0,0,0,0,1,4,1,18.01149,18.55292236
2015,6,1,SW,0,0,0,0,0,0,0,0,0,0,1,1,0,5,0,0,5,81.95493704,1,0,0,0,0,0,0,0,0,0,1,0,0,0,0,1,0,3,1,17.57401,18.13969667
2015,7,1,SW,0,0,0,0,0,0,0,0,0,0,4,4,0,5,0,0,5,81.95493704,1,0,0,0,0,0,0,0,0,0,1,0,0,0,0,1,0,3,1,17.37126,17.11388256
2015,8,1,SE,0,0.005,0.24,0.03,0,1,1,1,0.06875,1,1,1,1,5,0.00125,1,5,81.95493704,1,0,0,0,0,0,0,0,0,0,1,0,0,0,0,0,1,4,1,16.07451,17.41248098
2015,9,1,NE,0,0.01,0.6,0,0,1,1,0,0.1525,1,2,2,1,4,0.0025,1,5,81.95493704,1,0,0,0,0,0,0,0,0,0,1,0,0,1,0,0,0,1,1,16.87596,16.77125575
2015,10,1,SE,0,0,0.08,0.08,0,0,1,1,0.04,1,2,2,1,5,0,0,5,81.95493704,1,0,0,0,0,0,0,0,0,0,1,0,0,0,0,0,1,4,1,19.07263,18.84858621
2015,11,1,NE,0.005,0,0.15,0,1,0,1,0,0.03875,1,4,4,1,5,0,0,5,81.95493704,1,0,0,0,0,0,0,0,0,0,1,0,0,1,0,0,0,1,1,17.05422,17.06885078
2015,12,1,NE,0,0,0.03,0,0,0,1,0,0.0075,1,3,3,0,4,0,0,5,81.95493704,1,0,0,0,0,0,0,0,0,0,1,0,0,1,0,0,0,1,1,17.14296,17.28839821
2015,13,1,SE,0,0,0.35,0.09,0,0,1,1,0.11,1,3,3,0,3,0,0,5,81.95493704,1,0,0,0,0,0,0,0,0,0,1,0,0,0,0,0,1,4,1,16.68107,16.83800695
2015,14,1,SW,0,0,0,0,0,0,0,0,0,0,1,1,0,5,0,0,5,81.95493704,1,0,0,0,0,0,0,0,0,0,1,0,0,0,0,1,0,3,1,18.56702,18.13969667
2015,15,1,SW,0,0,0,0,0,0,0,0,0,0,4,4,0,5,0,0,5,81.95493704,1,0,0,0,0,0,0,0,0,0,1,0,0,0,0,1,0,3,1,17.60614,17.11388256
2015,16,1,SE,0,0,0,0,0,0,0,0,0,0,1,1,0,5,0,0,5,81.95493704,1,0,0,0,0,0,0,0,0,0,1,0,0,0,0,0,1,4,1,18.92098,18.64667012
2015,17,1,SE,0,0,0,0,0,0,0,0,0,0,1,1,0,5,0,0,5,81.95493704,1,0,0,0,0,0,0,0,0,0,1,0,0,0,0,0,1,4,1,19.1209,18.64667012
2015,18,1,SE,0,0,0,0,0,0,0,0,0,0,4,4,0,5,0,0,5,81.95493704,1,0,0,0,0,0,0,0,0,0,1,0,0,0,0,0,1,4,1,18.10623,17.62313099
2015,19,1,SE,0,0,0,0,0,0,0,0,0,0,3,3,0,5,0,0,5,81.95493704,1,0,0,0,0,0,0,0,0,0,1,0,0,0,0,0,1,4,1,17.92722,18.14536946
2015,20,1,SW,0,0,0,0,0,0,0,0,0,0,3,3,0,5,0,0,5,81.95493704,1,0,0,0,0,0,0,0,0,0,1,0,0,0,0,1,0,3,1,17.74635,17.45976457
2015,22,2,NE,0,0,0.03,0.8,0,0,1,1,0.2075,1,4,4,0,4,0,0,10,88.42399855,0,1,0,0,0,0,0,0,0,0,1,0,0,1,0,0,0,1,2,17.25336,17.02253978
2015,23,2,NE,0,0,0.03,0.11,0,0,1,1,0.035,1,2,0,2,5,0,0,8,98.13398663,0,1,0,0,0,0,0,0,0,0,1,0,0,1,0,0,0,1,2,18.12982,17.62222676
2015,24,2,SE,0,0,0,0.01,0,0,0,1,0.0025,1,4,0,2,3,0,0,5,56.07053958,0,1,0,0,0,0,0,0,0,0,1,0,0,0,0,0,1,4,2,16.50704,15.89693744
2015,25,2,SE,0,0,0.02,0,0,0,1,0,0.005,1,4,0,2,2,0,0,5,56.07053958,0,1,0,0,0,0,0,0,0,0,1,0,0,0,0,0,1,4,2,16.29574,16.46246995
2015,26,2,SE,0,0,0,0,0,0,0,0,0,0,1,1,0,3,0,0,5,30.14943527,0,1,0,0,0,0,0,0,0,0,1,0,0,0,0,0,1,4,2,17.43717,17.63460201
2015,27,2,NE,0,0,0.33,0.02,0,0,1,1,0.0875,1,3,3,0,4,0,0,3,29.41914063,0,1,0,0,0,0,0,0,0,0,1,0,0,1,0,0,0,1,2,16.67292,16.41350007
2015,28,2,NE,0.005,0,0.37,1,1,0,1,1,0.34375,1,5,0,2,5,0.00875,1,6,93.39987148,0,1,0,0,0,0,0,0,0,0,1,0,0,1,0,0,0,1,2,14.01269,17.3467534
2015,29,2,NE,0,0,0.98,0.59,0,0,1,1,0.3925,1,4,0,2,2,0,0,5,56.07053958,0,1,0,0,0,0,0,0,0,0,1,0,0,1,0,0,0,1,2,14.80681,15.50756846
2015,30,2,NE,0,0,0.3,0.9,0,0,1,1,0.3,1,4,4,0,4,0,0,10,88.42399855,0,1,0,0,0,0,0,0,0,0,1,0,0,1,0,0,0,1,2,16.05898,16.06950831
2015,31,2,NE,0,0,0.22,1,0,0,1,1,0.305,1,3,3,0,5,0,0,3,29.41914063,0,1,0,0,0,0,0,0,0,0,1,0,0,1,0,0,0,1,2,15.24878,16.46358456
2015,32,2,NE,0,0,0.17,0.03,0,0,1,1,0.05,1,4,4,0,4,0,0,10,88.42399855,0,1,0,0,0,0,0,0,0,0,1,0,0,1,0,0,0,1,2,16.89131,16.61072219
2015,33,3,SW,0,0,0,0,0,0,0,0,0,0,3,3,0,5,0,0,4,41.72079506,0,0,1,0,0,0,0,0,0,0,1,0,0,0,0,1,0,3,3,16.64302,16.85724088
2015,34,3,SW,0,0,0,0,0,0,0,0,0,0,3,3,0,5,0,0,5,44.67270802,0,0,1,0,0,0,0,0,0,0,1,0,0,0,0,1,0,3,3,16.77802,16.85724088
2015,35,3,SW,0,0,0,0.01,0,0,0,1,0.0025,1,1,1,0,5,0,0,5,44.67270802,0,0,1,0,0,0,0,0,0,0,1,0,0,0,0,1,0,3,3,17.72479,17.50608082
2015,36,3,SW,0,0,0,0,0,0,0,0,0,0,3,3,0,5,0,0,5,44.67270802,0,0,1,0,0,0,0,0,0,0,1,0,0,0,0,1,0,3,3,15.61839,16.85724088
2015,37,4,NW,0,0,0,0,0,0,0,0,0,0,4,0,0,2,0,0,4,29.89977003,0,0,0,1,0,0,0,0,0,0,1,0,0,0,1,0,0,2,4,15.8603,15.7451893
2015,38,4,NW,0,0,0,0,0,0,0,0,0,0,4,0,0,1,0,0,4,29.89977003,0,0,0,1,0,0,0,0,0,0,1,0,0,0,1,0,0,2,4,16.46561,15.76504445
2015,39,4,NW,0,0,0,0,0,0,0,0,0,0,3,3,0,1,0,0,3,20.7219341,0,0,0,1,0,0,0,0,0,0,1,0,0,0,1,0,0,2,4,15.85405,16.24125245
2015,40,4,NW,0,0,0,0,0,0,0,0,0,0,4,4,0,1,0,0,4,23.16595978,0,0,0,1,0,0,0,0,0,0,1,0,0,0,1,0,0,2,4,16.63026,15.86938235
2015,41,4,NW,0,0,0,0,0,0,0,0,0,0,4,4,0,1,0,0,4,19.79905465,0,0,0,1,0,0,0,0,0,0,1,0,0,0,1,0,0,2,4,15.39432,15.86938235
2015,42,4,NW,0,0,0,0,0,0,0,0,0,0,2,0,0,1,0,0,4,19.79905465,0,0,0,1,0,0,0,0,0,0,1,0,0,0,1,0,0,2,4,16.05566,16.39131484
2015,43,4,NW,0,0,0.01,0,0,0,1,0,0.0025,1,3,3,1,3,0,0,5,30.3828,0,0,0,1,0,0,0,0,0,0,1,0,0,0,1,0,0,2,4,17.73282,16.53648137
2015,44,4,NW,0,0,0,0,0,0,0,0,0,0,4,0,0,2,0,0,4,29.89977003,0,0,0,1,0,0,0,0,0,0,1,0,0,0,1,0,0,2,4,15.16182,15.7451893
2015,45,4,NW,0,0,0,0,0,0,0,0,0,0,3,3,0,1,0,0,3,20.7219341,0,0,0,1,0,0,0,0,0,0,1,0,0,0,1,0,0,2,4,16.41169,16.24125245
2015,46,4,NW,0,0,0,0,0,0,0,0,0,0,3,3,0,1,0,0,3,20.7219341,0,0,0,1,0,0,0,0,0,0,1,0,0,0,1,0,0,2,4,17.0148,16.24125245
2015,47,4,NW,0,0,0,0,0,0,0,0,0,0,0,0,0,1,0,0,3,19.27855131,0,0,0,1,0,0,0,0,0,0,1,0,0,0,1,0,0,2,4,15.95071,16.37077579
2015,49,5,NE,0,0,0,0,0,0,0,0,0,0,1,1,0,4,0,0,4,22.45746409,0,0,0,0,1,0,0,0,0,0,1,0,0,1,0,0,0,1,5,18.37526,17.24410812
2015,50,5,NE,0,0,0,0,0,0,0,0,0,0,1,1,0,4,0,0,4,22.45746409,0,0,0,0,1,0,0,0,0,0,1,0,0,1,0,0,0,1,5,18.20303,17.24410812
2015,51,5,NE,0,0,0,0,0,0,0,0,0,0,3,3,0,3,0,0,4,22.45746409,0,0,0,0,1,0,0,0,0,0,1,0,0,1,0,0,0,1,5,16.07225,16.38855287
2015,52,5,NE,0,0,0,0,0,0,0,0,0,0,0,0,0,4,0,0,2,5.903825914,0,0,0,0,1,0,0,0,0,0,1,0,0,1,0,0,0,1,5,16.31598,16.86706229
2015,55,5,NE,0,0,0.01,0,0,0,1,0,0.0025,1,4,0,2,3,0,0,8,63.67367018,0,0,0,0,1,0,0,0,0,0,1,0,0,1,0,0,0,1,5,16.04911,15.77637108
2015,56,5,NE,0,0,0.01,0.02,0,0,1,1,0.0075,1,4,0,2,3,0,0,8,63.67367018,0,0,0,0,1,0,0,0,0,0,1,0,0,1,0,0,0,1,5,15.74018,15.77637108
2015,57,5,NE,0,0,0.61,0.02,0,0,1,1,0.1575,1,4,0,2,2,0,0,8,63.67367018,0,0,0,0,1,0,0,0,0,0,1,0,0,1,0,0,0,1,5,17.26116,15.27721736
2015,58,5,NE,0,0,0.71,0.09,0,0,1,1,0.2,1,4,0,2,3,0,0,8,63.67367018,0,0,0,0,1,0,0,0,0,0,1,0,0,1,0,0,0,1,5,16.56231,16.22350334
2015,59,5,NE,0,0,0,0.01,0,0,0,1,0.0025,1,3,3,2,5,0,0,5,25.40937704,0,0,0,0,1,0,0,0,0,0,1,0,0,1,0,0,0,1,5,16.5146,16.70263367
2015,60,6,NW,0,0,0.16,0.11,0,0,1,1,0.0675,1,5,0,2,2,0,0,4,39.60021826,0,0,0,0,0,1,0,0,0,0,1,0,0,0,1,0,0,2,6,15.41205,15.68287652
2015,61,6,NW,0,0,0,0,0,0,0,0,0,0,4,0,0,2,0,0,4,39.60021826,0,0,0,0,0,1,0,0,0,0,1,0,0,0,1,0,0,2,6,15.96594,15.7451893
2015,62,6,NW,0,0,0.24,0.04,0,0,1,1,0.07,1,4,4,2,1,0,0,4,39.60021826,0,0,0,0,0,1,0,0,0,0,1,0,0,0,1,0,0,2,6,14.78262,15.80557785
2015,63,6,NW,0,0,0,0.01,0,0,0,1,0.0025,1,4,0,2,1,0,0,4,39.60021826,0,0,0,0,0,1,0,0,0,0,1,0,0,0,1,0,0,2,6,15.66779,15.7022667
2015,64,6,NW,0,0,0,0,0,0,0,0,0,0,3,3,0,2,0,0,4,42.84641858,0,0,0,0,0,1,0,0,0,0,1,0,0,0,1,0,0,2,6,15.81262,16.27485387
2015,65,6,NW,0,0,0,0.01,0,0,0,1,0.0025,1,4,0,2,1,0,0,4,39.60021826,0,0,0,0,0,1,0,0,0,0,1,0,0,0,1,0,0,2,6,14.77645,15.7022667
2015,66,6,NW,0,0,0.01,0.01,0,0,1,1,0.005,1,1,1,0,2,0,0,2,14.24962328,0,0,0,0,0,1,0,0,0,0,1,0,0,0,1,0,0,2,6,17.38707,16.64376549
2015,67,6,NW,0,0,0,0,0,0,0,0,0,0,4,0,0,2,0,0,4,39.60021826,0,0,0,0,0,1,0,0,0,0,1,0,0,0,1,0,0,2,6,16.14031,15.7451893
2015,68,6,NW,0,0,0,0,0,0,0,0,0,0,3,3,0,2,0,0,4,42.84641858,0,0,0,0,0,1,0,0,0,0,1,0,0,0,1,0,0,2,6,16.36998,16.27485387
2015,69,6,NW,0,0,0,0,0,0,0,0,0,0,3,3,0,2,0,0,4,39.60021826,0,0,0,0,0,1,0,0,0,0,1,0,0,0,1,0,0,2,6,15.77147,16.27485387
2015,70,6,NW,0,0,0,0,0,0,0,0,0,0,1,1,0,3,0,0,2,14.24962328,0,0,0,0,0,1,0,0,0,0,1,0,0,0,1,0,0,2,6,16.69592,16.98460179
2015,71,7,SE,0,0,0,0,0,0,0,0,0,0,4,4,0,5,0,0,3,19.5209749,0,0,0,0,0,0,1,0,0,0,1,0,0,0,0,0,1,4,7,17.25781,16.94564543
2015,72,7,SE,0,0,0,0,0,0,0,0,0,0,2,2,0,5,0,0,4,34.90915359,0,0,0,0,0,0,1,0,0,0,1,0,0,0,0,0,1,4,7,18.13449,18.0980597
2015,73,7,SE,0,0,0,0,0,0,0,0,0,0,1,1,0,5,0,0,4,34.90915359,0,0,0,0,0,0,1,0,0,0,1,0,0,0,0,0,1,4,7,17.94528,17.94063965
2015,74,7,SE,0,0,0,0,0,0,0,0,0,0,0,0,0,5,0,0,3,19.5209749,0,0,0,0,0,0,1,0,0,0,1,0,0,0,0,0,1,4,7,16.28172,17.77408655
2015,75,7,SE,0,0,0,0,0,0,0,0,0,0,1,1,0,2,0,0,7,55.66676813,0,0,0,0,0,0,1,0,0,0,1,0,0,0,0,0,1,4,7,18.10075,17.39046037
2015,76,7,SE,0,0,0,0,0,0,0,0,0,0,3,3,0,4,0,0,5,43.0218674,0,0,0,0,0,0,1,0,0,0,1,0,0,0,0,0,1,4,7,16.49672,17.41024557
2015,77,7,SE,0,0,0,0,0,0,0,0,0,0,3,3,0,5,0,0,4,34.90915359,0,0,0,0,0,0,1,0,0,0,1,0,0,0,0,0,1,4,7,17.44207,17.4593093
2015,78,7,SE,0,0,0,0,0,0,0,0,0,0,3,3,0,5,0,0,5,51.1345812,0,0,0,0,0,0,1,0,0,0,1,0,0,0,0,0,1,4,7,17.19868,17.4593093
2015,79,7,SE,0,0,0,0,0,0,0,0,0,0,3,3,0,5,0,0,4,41.49158789,0,0,0,0,0,0,1,0,0,0,1,0,0,0,0,0,1,4,7,18.17624,17.4593093
2015,80,7,SE,0,0,0,0,0,0,0,0,0,0,1,1,0,3,0,0,7,55.66676813,0,0,0,0,0,0,1,0,0,0,1,0,0,0,0,0,1,4,7,18.08645,17.53092349
2015,81,7,SE,0,0,0,0,0,0,0,0,0,0,1,1,0,3,0,0,7,55.66676813,0,0,0,0,0,0,1,0,0,0,1,0,0,0,0,0,1,4,7,18.50714,17.53092349
2015,82,7,SE,0,0,0,0,0,0,0,0,0,0,3,3,0,4,0,0,4,34.90915359,0,0,0,0,0,0,1,0,0,0,1,0,0,0,0,0,1,4,7,17.89478,17.41024557
2015,83,7,SE,0,0,0,0,0,0,0,0,0,0,3,3,0,1,0,0,4,34.90915359,0,0,0,0,0,0,1,0,0,0,1,0,0,0,0,0,1,4,7,17.75265,16.8249822
2015,84,7,SE,0,0,0,0,0,0,0,0,0,0,1,1,0,1,0,0,7,55.66676813,0,0,0,0,0,0,1,0,0,0,1,0,0,0,0,0,1,4,7,17.26007,17.28183516
2015,85,7,SE,0,0,0,0,0,0,0,0,0,0,3,3,0,5,0,0,5,43.0218674,0,0,0,0,0,0,1,0,0,0,1,0,0,0,0,0,1,4,7,16.66795,17.4593093
2015,86,7,SE,0,0,0,0,0,0,0,0,0,0,3,3,0,1,0,0,5,43.0218674,0,0,0,0,0,0,1,0,0,0,1,0,0,0,0,0,1,4,7,17.33243,16.8249822
2015,87,7,SE,0,0,0,0,0,0,0,0,0,0,3,3,0,5,0,0,5,43.0218674,0,0,0,0,0,0,1,0,0,0,1,0,0,0,0,0,1,4,7,17.01456,17.4593093
2015,88,7,SE,0,0,0,0,0,0,0,0,0,0,4,0,0,3,0,0,3,19.5209749,0,0,0,0,0,0,1,0,0,0,1,0,0,0,0,0,1,4,7,15.44006,16.27118734
2015,89,7,SE,0,0,0,0,0,0,0,0,0,0,0,0,0,5,0,0,3,19.5209749,0,0,0,0,0,0,1,0,0,0,1,0,0,0,0,0,1,4,7,17.99097,17.77408655
2015,90,7,SE,0,0,0,0,0,0,0,0,0,0,3,3,0,4,0,0,5,43.0218674,0,0,0,0,0,0,1,0,0,0,1,0,0,0,0,0,1,4,7,18.05811,17.41024557
2015,91,7,SE,0,0,0,0,0,0,0,0,0,0,1,1,0,4,0,0,3,19.5209749,0,0,0,0,0,0,1,0,0,0,1,0,0,0,0,0,1,4,7,18.0569,17.91447511
2015,92,7,SE,0,0,0,0,0,0,0,0,0,0,3,3,0,5,0,0,5,43.0218674,0,0,0,0,0,0,1,0,0,0,1,0,0,0,0,0,1,4,7,17.77507,17.4593093
2015,93,7,SE,0,0,0,0,0,0,0,0,0,0,3,3,0,5,0,0,4,34.90915359,0,0,0,0,0,0,1,0,0,0,1,0,0,0,0,0,1,4,7,15.77906,17.4593093
2015,94,7,SE,0,0,0,0,0,0,0,0,0,0,1,1,0,5,0,0,4,34.90915359,0,0,0,0,0,0,1,0,0,0,1,0,0,0,0,0,1,4,7,18.52023,17.94063965
2015,95,7,SE,0,0,0,0,0,0,0,0,0,0,4,4,0,5,0,0,3,19.5209749,0,0,0,0,0,0,1,0,0,0,1,0,0,0,0,0,1,4,7,17.06706,16.94564543
2015,96,7,SE,0,0,0,0,0,0,0,0,0,0,0,0,0,5,0,0,3,19.5209749,0,0,0,0,0,0,1,0,0,0,1,0,0,0,0,0,1,4,7,17.35975,17.77408655
2015,97,7,SE,0,0,0,0,0,0,0,0,0,0,3,3,0,5,0,0,5,51.1345812,0,0,0,0,0,0,1,0,0,0,1,0,0,0,0,0,1,4,7,17.09041,17.4593093
2015,98,7,SW,0,0,0,0,0,0,0,0,0,0,3,3,0,5,0,0,5,43.0218674,0,0,0,0,0,0,1,0,0,0,1,0,0,0,0,1,0,3,7,16.90301,16.81912625
2015,99,7,SW,0,0,0,0,0,0,0,0,0,0,0,0,0,2,0,0,3,19.5209749,0,0,0,0,0,0,1,0,0,0,1,0,0,0,0,1,0,3,7,16.66241,16.45165637
2015,100,8,SW,0,0,0,0,0,0,0,0,0,0,1,1,0,4,0,0,3,42.6533846,0,0,0,0,0,0,0,1,0,0,1,0,0,0,0,1,0,3,9,17.35483,17.45361126
2015,101,8,SW,0,0,0,0,0,0,0,0,0,0,4,4,0,5,0,0,5,61.92062066,0,0,0,0,0,0,0,1,0,0,1,0,0,0,0,1,0,3,9,17.06406,16.50603833
2015,102,8,SW,0,0,0,0,0,0,0,0,0,0,3,3,0,5,0,0,1,15.77288316,0,0,0,0,0,0,0,1,0,0,1,0,0,0,0,1,0,3,9,16.34135,16.85724088
2015,103,8,SW,0,0,0,0,0,0,0,0,0,0,4,4,0,5,0,0,1,15.77288316,0,0,0,0,0,0,0,1,0,0,1,0,0,0,0,1,0,3,9,15.94628,16.50603833
2015,104,8,SW,0,0,0,0,0,0,0,0,0,0,4,0,0,5,0,0,5,44.73539795,0,0,0,0,0,0,0,1,0,0,1,0,0,0,0,1,0,3,9,18.14036,16.77847851
2015,105,8,SW,0,0,0,0,0,0,0,0,0,0,4,4,0,5,0,0,3,73.58678547,0,0,0,0,0,0,0,1,0,0,1,0,0,0,0,1,0,3,9,16.92667,16.50603833
2015,106,8,SW,0,0,0,0,0,0,0,0,0,0,2,0,0,5,0,0,1,15.77288316,0,0,0,0,0,0,0,1,0,0,1,0,0,0,0,1,0,3,9,17.62553,17.35884997
2015,107,8,SW,0,0,0,0,0,0,0,0,0,0,1,1,0,5,0,0,1,15.77288316,0,0,0,0,0,0,0,1,0,0,1,0,0,0,0,1,0,3,9,17.47203,17.50608082
2015,108,8,SW,0,0,0,0,0,0,0,0,0,0,0,0,0,5,0,0,3,42.6533846,0,0,0,0,0,0,0,1,0,0,1,0,0,0,0,1,0,3,9,18.87224,17.33949319
2015,109,8,SW,0,0,0,0,0,0,0,0,0,0,1,1,0,5,0,0,1,15.77288316,0,0,0,0,0,0,0,1,0,0,1,0,0,0,0,1,0,3,9,16.37781,17.50608082
2015,110,9,NW,0,0,0.1,0.12,0,0,1,1,0.055,1,2,2,0,4,0,0,9,106.1657837,0,0,0,0,0,0,0,0,1,0,1,0,0,0,1,0,0,2,10,18.60128,17.68400192
2015,111,9,NE,0,0,0.01,0.39,0,0,1,1,0.1,1,4,0,2,4,0,0,7,56.97030127,0,0,0,0,0,0,0,0,1,0,1,0,0,1,0,0,0,1,10,15.09364,16.10593484
2015,112,9,NW,0,0,0,0,0,0,0,0,0,0,1,1,0,3,0,0,7,56.97030127,0,0,0,0,0,0,0,0,1,0,1,0,0,0,1,0,0,2,10,16.43864,16.75607482
2015,113,9,NW,0,0,0.01,0.11,0,0,1,1,0.03,1,3,3,0,2,0,0,6,51.06647536,0,0,0,0,0,0,0,0,1,0,1,0,0,0,1,0,0,2,10,16.52733,16.06479449
2015,114,9,NW,0,0,0,0.01,0,0,0,1,0.0025,1,3,3,0,3,0,0,6,51.06647536,0,0,0,0,0,0,0,0,1,0,1,0,0,0,1,0,0,2,10,14.91953,16.32724698
2015,115,9,NW,0,0,0.13,0.46,0,0,1,1,0.1475,1,4,0,2,2,0,0,7,56.97030127,0,0,0,0,0,0,0,0,1,0,1,0,0,0,1,0,0,2,10,15.70691,15.97231003
2015,116,9,NW,0,0,0.27,0.82,0,0,1,1,0.2725,1,4,0,2,1,0,0,7,56.97030127,0,0,0,0,0,0,0,0,1,0,1,0,0,0,1,0,0,2,10,16.11183,15.99253848
2015,117,9,NW,0,0.03,0.6,0.98,0,1,1,1,0.4025,1,4,0,2,3,0,0,7,56.97030127,0,0,0,0,0,0,0,0,1,0,1,0,0,0,1,0,0,2,10,17.15158,15.24272812
2015,118,9,NW,0,0,0.02,0.02,0,0,1,1,0.01,1,4,4,0,2,0,0,6,51.06647536,0,0,0,0,0,0,0,0,1,0,1,0,0,0,1,0,0,2,10,14.89443,15.65066308
2015,119,9,NW,0,0.01,0.37,0.47,0,1,1,1,0.2125,1,4,0,2,3,0,0,7,56.97030127,0,0,0,0,0,0,0,0,1,0,1,0,0,0,1,0,0,2,10,15.89597,15.24272812
2015,120,9,NW,0,0,0,0,0,0,0,0,0,0,3,3,0,2,0,0,7,49.76306114,0,0,0,0,0,0,0,0,1,0,1,0,0,0,1,0,0,2,10,15.45973,16.06479449
2015,121,9,NW,0,0,0,0,0,0,0,0,0,0,3,3,0,1,0,0,7,49.76306114,0,0,0,0,0,0,0,0,1,0,1,0,0,0,1,0,0,2,10,15.82142,16.03100884
2015,122,9,NW,0,0,0.12,0.19,0,0,1,1,0.0775,1,4,0,2,1,0,0,7,56.97030127,0,0,0,0,0,0,0,0,1,0,1,0,0,0,1,0,0,2,10,15.89855,15.99253848
2016,1,1,SW,0,0,0,0,0,0,0,0,0,0,1,1,0,5,0,0,3,50.6111563,1,0,0,0,0,0,0,0,0,0,0,1,0,0,0,1,0,3,1,16.47835,17.26392832
2016,2,1,SW,0,0,0,0,0,0,0,0,0,0,4,4,0,4,0,0,3,50.6111563,1,0,0,0,0,0,0,0,0,0,0,1,0,0,0,1,0,3,1,16.58731,16.176167
2016,3,1,SW,0,0,0,0,0,0,0,0,0,0,4,4,0,5,0,0,3,50.6111563,1,0,0,0,0,0,0,0,0,0,0,1,0,0,0,1,0,3,1,15.8421,16.28928454
2016,4,1,SW,0,0,0,0,0,0,0,0,0,0,2,2,0,5,0,0,3,50.6111563,1,0,0,0,0,0,0,0,0,0,0,1,0,0,0,1,0,3,1,17.13769,17.36434785
2016,5,1,SE,0,0,0,0,0,0,0,0,0,0,1,1,0,4,0,0,3,50.6111563,1,0,0,0,0,0,0,0,0,0,0,1,0,0,0,0,1,4,1,17.92047,17.57465978
2016,6,1,SW,0,0,0,0,0,0,0,0,0,0,1,1,0,5,0,0,3,50.6111563,1,0,0,0,0,0,0,0,0,0,0,1,0,0,0,1,0,3,1,16.24731,17.26392832
2016,7,1,SW,0,0,0,0,0,0,0,0,0,0,4,4,0,5,0,0,3,50.6111563,1,0,0,0,0,0,0,0,0,0,0,1,0,0,0,1,0,3,1,16.32993,16.28928454
2016,8,1,SE,0,0,0.08,0,0,0,1,0,0.02,1,1,1,1,5,0,0,3,50.6111563,1,0,0,0,0,0,0,0,0,0,0,1,0,0,0,0,1,4,1,17.04816,17.65881216
2016,9,1,NE,0,0.0125,0.015,0,0,1,1,0,0.006875,1,2,2,1,5,0.000625,1,3,50.6111563,1,0,0,0,0,0,0,0,0,0,0,1,0,1,0,0,0,1,1,18.48575,17.30244803
2016,10,1,SE,0,0,0.02,0,0,0,1,0,0.005,1,2,2,2,5,0,0,3,50.6111563,1,0,0,0,0,0,0,0,0,0,0,1,0,0,0,0,1,4,1,15.88952,17.73683569
2016,11,1,NE,0,0,0.005,0.005,0,0,1,1,0.0025,1,4,4,1,5,0,0,3,50.6111563,1,0,0,0,0,0,0,0,0,0,0,1,0,1,0,0,0,1,1,15.67077,16.19275406
2016,12,1,NE,0,0,0.09,0.115,0,0,1,1,0.05125,1,3,3,2,5,0,0,3,50.6111563,1,0,0,0,0,0,0,0,0,0,0,1,0,1,0,0,0,1,1,16.61258,16.39189251
2016,13,1,SE,0,0,0,0,0,0,0,0,0,0,3,3,0,5,0,0,3,50.6111563,1,0,0,0,0,0,0,0,0,0,0,1,0,0,0,0,1,4,1,16.65034,17.1390841
2016,14,1,SW,0,0,0,0,0,0,0,0,0,0,1,1,0,5,0,0,3,50.6111563,1,0,0,0,0,0,0,0,0,0,0,1,0,0,0,1,0,3,1,16.90744,17.26392832
2016,15,1,SE,0,0,0,0,0,0,0,0,0,0,1,1,0,5,0,0,3,50.6111563,1,0,0,0,0,0,0,0,0,0,0,1,0,0,0,0,1,4,1,17.28382,17.65881216
2016,16,1,SE,0,0,0,0,0,0,0,0,0,0,1,1,0,5,0,0,3,50.6111563,1,0,0,0,0,0,0,0,0,0,0,1,0,0,0,0,1,4,1,18.25939,17.65881216
2016,17,1,SE,0,0,0.005,0.005,0,0,1,1,0.0025,1,4,4,1,5,0,0,3,50.6111563,1,0,0,0,0,0,0,0,0,0,0,1,0,0,0,0,1,4,1,14.60804,16.74899664
2016,18,1,SE,0,0,0,0,0,0,0,0,0,0,3,3,0,5,0,0,3,50.6111563,1,0,0,0,0,0,0,0,0,0,0,1,0,0,0,0,1,4,1,16.07154,17.1390841
2016,19,1,SW,0,0,0,0.005,0,0,0,1,0.00125,1,3,3,2,5,0,0,3,50.6111563,1,0,0,0,0,0,0,0,0,0,0,1,0,0,0,1,0,3,1,16.36462,16.51949862
2016,20,2,NE,0,0,0,0,0,0,0,0,0,0,0,0,0,5,0,0,6,55.29040205,0,1,0,0,0,0,0,0,0,0,0,1,0,1,0,0,0,1,2,16.71796,16.44477517
2016,21,2,NE,0,0,0.865,0.23,0,0,1,1,0.27375,1,4,4,2,5,0,0,9,96.52999498,0,1,0,0,0,0,0,0,0,0,0,1,0,1,0,0,0,1,2,15.78488,15.40879361
2016,22,2,NE,0,0,0,0,0,0,0,0,0,0,2,0,0,1,0,0,5,51.54839414,0,1,0,0,0,0,0,0,0,0,0,1,0,1,0,0,0,1,2,16.16329,15.9201951
2016,23,2,SE,0,0,0.005,0.015,0,0,1,1,0.005,1,4,0,2,1,0,0,5,49.75679444,0,1,0,0,0,0,0,0,0,0,0,1,0,0,0,0,1,4,2,15.49982,15.89922903
2016,24,2,SE,0,0,0.01,0,0,0,1,0,0.0025,1,4,0,2,2,0,0,5,49.75679444,0,1,0,0,0,0,0,0,0,0,0,1,0,0,0,0,1,4,2,15.86777,15.84514533
2016,26,2,NE,0,0,0.01,0.005,0,0,1,1,0.00375,1,3,3,2,2,0,0,6,69.49396843,0,1,0,0,0,0,0,0,0,0,0,1,0,1,0,0,0,1,2,17.00742,15.79297822
2016,27,2,NE,0.02,0,0.335,0.235,1,0,1,1,0.1475,1,5,0,2,3,0.003125,1,12,192.1241753,0,1,0,0,0,0,0,0,0,0,0,1,0,1,0,0,0,1,2,19.8053,15.94429634
2016,28,2,NE,0.004842615,0,0.22,0.54,1,0,1,1,0.191210654,1,4,0,2,3,0.001210654,1,5,49.75679444,0,1,0,0,0,0,0,0,0,0,0,1,0,1,0,0,0,1,2,11.69624,15.13749043
2016,29,2,NE,0,0,0.03,0,0,0,1,0,0.0075,1,4,4,2,5,0,0,9,96.52999498,0,1,0,0,0,0,0,0,0,0,0,1,0,1,0,0,0,1,2,16.87838,15.78487155
2016,30,2,NE,0,0,0.035,0.015,0,0,1,1,0.0125,1,3,3,2,5,0,0,6,69.49396843,0,1,0,0,0,0,0,0,0,0,0,1,0,1,0,0,0,1,2,16.7453,16.11276566
2016,31,2,NE,0,0,0,0.005,0,0,0,1,0.00125,1,4,4,2,4,0,0,9,96.52999498,0,1,0,0,0,0,0,0,0,0,0,1,0,1,0,0,0,1,2,15.91192,15.74146278
2016,32,3,SW,0,0,0,0,0,0,0,0,0,0,3,3,0,5,0,0,8,64.73098743,0,0,1,0,0,0,0,0,0,0,0,1,0,0,0,1,0,3,3,16.13824,16.04324102
2016,33,3,SW,0,0,0,0,0,0,0,0,0,0,3,3,0,5,0,0,7,60.3109675,0,0,1,0,0,0,0,0,0,0,0,1,0,0,0,1,0,3,3,16.53985,16.04324102
2016,34,3,SW,0,0,0,0,0,0,0,0,0,0,1,1,0,5,0,0,8,64.73098743,0,0,1,0,0,0,0,0,0,0,0,1,0,0,0,1,0,3,3,16.05877,16.67308519
2016,35,3,SW,0,0,0,0,0,0,0,0,0,0,3,3,0,5,0,0,7,60.3109675,0,0,1,0,0,0,0,0,0,0,0,1,0,0,0,1,0,3,3,16.28476,16.04324102
2016,36,3,SW,0,0,0.01,0.035,0,0,1,1,0.01125,1,4,4,2,5,0,0,7,41.11928399,0,0,1,0,0,0,0,0,0,0,0,1,0,0,0,1,0,3,3,14.72951,15.67337436
2016,37,3,SW,0,0,0.045,0.015,0,0,1,1,0.015,1,4,4,2,5,0,0,7,41.11928399,0,0,1,0,0,0,0,0,0,0,0,1,0,0,0,1,0,3,3,15.86503,15.67337436
2016,38,3,SW,0,0,0,0,0,0,0,0,0,0,3,3,0,5,0,0,15,144.7616568,0,0,1,0,0,0,0,0,0,0,0,1,0,0,0,1,0,3,3,16.91871,16.04324102
2016,39,3,SW,0,0,0,0,0,0,0,0,0,0,3,3,0,5,0,0,7,60.3109675,0,0,1,0,0,0,0,0,0,0,0,1,0,0,0,1,0,3,3,15.48695,16.04324102
2016,40,4,NW,0,0,0,0,0,0,0,0,0,0,3,3,0,1,0,0,4,19.53880298,0,0,0,1,0,0,0,0,0,0,0,1,0,0,1,0,0,2,4,15.45686,15.7589182
2016,41,4,NW,0,0,0,0,0,0,0,0,0,0,4,0,0,1,0,0,3,29.3792667,0,0,0,1,0,0,0,0,0,0,0,1,0,0,1,0,0,2,4,14.83508,15.2743909
2016,42,4,NW,0,0,0,0,0,0,0,0,0,0,4,0,0,1,0,0,3,29.3792667,0,0,0,1,0,0,0,0,0,0,0,1,0,0,1,0,0,2,4,15.09776,15.2743909
2016,43,4,NW,0,0,0,0,0,0,0,0,0,0,3,3,0,1,0,0,3,9.70130342,0,0,0,1,0,0,0,0,0,0,0,1,0,0,1,0,0,2,4,16.46136,15.7589182
2016,44,4,NW,0,0,0,0,0,0,0,0,0,0,4,4,0,1,0,0,3,9.70130342,0,0,0,1,0,0,0,0,0,0,0,1,0,0,1,0,0,2,4,15.27473,15.38524459
2016,45,4,NW,0,0,0,0,0,0,0,0,0,0,4,4,0,1,0,0,3,9.70130342,0,0,0,1,0,0,0,0,0,0,0,1,0,0,1,0,0,2,4,15.28894,15.38524459
2016,46,4,NW,0,0,0,0,0,0,0,0,0,0,2,0,0,1,0,0,3,9.70130342,0,0,0,1,0,0,0,0,0,0,0,1,0,0,1,0,0,2,4,15.86446,15.89506596
2016,47,4,NW,0,0.265,0.975,0.14,0,1,1,1,0.345,1,3,3,1,5,0.0125,1,6,46.5267,0,0,0,1,0,0,0,0,0,0,0,1,0,0,1,0,0,2,4,22.57344,16.11331792
2016,48,4,NW,0,0,0,0,0,0,0,0,0,0,4,0,0,1,0,0,3,29.3792667,0,0,0,1,0,0,0,0,0,0,0,1,0,0,1,0,0,2,4,15.26363,15.2743909
2016,49,4,NW,0,0,0,0,0,0,0,0,0,0,3,3,0,1,0,0,3,9.70130342,0,0,0,1,0,0,0,0,0,0,0,1,0,0,1,0,0,2,4,16.05903,15.7589182
2016,50,4,NW,0,0,0,0,0,0,0,0,0,0,1,1,0,1,0,0,4,19.53880298,0,0,0,1,0,0,0,0,0,0,0,1,0,0,1,0,0,2,4,16.74571,16.12045531
2016,51,4,NW,0,0,0,0,0,0,0,0,0,0,3,3,0,1,0,0,3,9.70130342,0,0,0,1,0,0,0,0,0,0,0,1,0,0,1,0,0,2,4,16.55384,15.7589182
2016,52,4,NW,0,0,0,0,0,0,0,0,0,0,0,0,0,3,0,0,2,1.041006678,0,0,0,1,0,0,0,0,0,0,0,1,0,0,1,0,0,2,4,15.59083,15.8975044
2016,53,5,NE,0,0,0.015,0,0,0,1,0,0.00375,1,2,2,1,3,0,0,3,6.968026932,0,0,0,0,1,0,0,0,0,0,0,1,0,1,0,0,0,1,5,16.82549,16.34833089
2016,54,5,NE,0,0,0.01,0.45,0,0,1,1,0.115,1,1,1,1,4,0,0,8,77.89838055,0,0,0,0,1,0,0,0,0,0,0,1,0,1,0,0,0,1,5,16.46184,16.55188419
2016,55,5,NE,0,0,0,0.005,0,0,0,1,0.00125,1,1,1,1,5,0,0,8,77.89838055,0,0,0,0,1,0,0,0,0,0,0,1,0,1,0,0,0,1,5,17.05829,16.58726187
2016,56,5,NE,0,0,0,0.005,0,0,0,1,0.00125,1,3,3,1,5,0,0,4,22.7409101,0,0,0,0,1,0,0,0,0,0,0,1,0,1,0,0,0,1,5,17.33326,15.99336722
2016,60,5,NE,0,0.0075,0.99,0.68,0,1,1,1,0.419375,1,4,0,2,4,0.001875,1,12,110.545315,0,0,0,0,1,0,0,0,0,0,0,1,0,1,0,0,0,1,5,16.02573,15.2475159
2016,61,5,NE,0,0,0.99,0.505,0,0,1,1,0.37375,1,4,0,2,4,0,0,12,110.545315,0,0,0,0,1,0,0,0,0,0,0,1,0,1,0,0,0,1,5,14.61723,15.14757584
2016,62,5,NE,0,0,0.175,0.46,0,0,1,1,0.15875,1,4,0,2,2,0,0,12,110.545315,0,0,0,0,1,0,0,0,0,0,0,1,0,1,0,0,0,1,5,15.52697,14.81992593
2016,63,5,NE,0,0,0.465,0.77,0,0,1,1,0.30875,1,4,0,2,4,0,0,12,110.545315,0,0,0,0,1,0,0,0,0,0,0,1,0,1,0,0,0,1,5,14.93422,15.14757584
2016,64,5,NE,0,0,0.015,0.15,0,0,1,1,0.04125,1,3,3,1,3,0,0,5,38.51379326,0,0,0,0,1,0,0,0,0,0,0,1,0,1,0,0,0,1,5,15.45987,15.75223248
2016,65,6,NW,0,0,0.13,0,0,0,1,0,0.0325,1,5,0,2,3,0,0,8,81.51014281,0,0,0,0,0,1,0,0,0,0,0,1,0,0,1,0,0,2,6,14.61431,15.21501053
2016,66,6,NW,0,0,0,0,0,0,0,0,0,0,4,0,0,3,0,0,8,81.51014281,0,0,0,0,0,1,0,0,0,0,0,1,0,0,1,0,0,2,6,16.14032,15.26529229
2016,67,6,NW,0,0,0.005,0,0,0,1,0,0.00125,1,4,4,0,3,0,0,8,81.51014281,0,0,0,0,0,1,0,0,0,0,0,1,0,0,1,0,0,2,6,15.14328,15.51045338
2016,68,6,NW,0,0,0.015,0,0,0,1,0,0.00375,1,4,0,2,3,0,0,8,81.51014281,0,0,0,0,0,1,0,0,0,0,0,1,0,0,1,0,0,2,6,15.09746,15.21501053
2016,69,6,NW,0,0,0,0,0,0,0,0,0,0,3,3,0,3,0,0,6,64.3207012,0,0,0,0,0,1,0,0,0,0,0,1,0,0,1,0,0,2,6,14.55551,15.85213101
2016,70,6,NW,0,0,0.005,0,0,0,1,0,0.00125,1,4,0,2,3,0,0,8,81.51014281,0,0,0,0,0,1,0,0,0,0,0,1,0,0,1,0,0,2,6,14.53245,15.21501053
2016,73,6,NW,0,0,0,0,0,0,0,0,0,0,3,3,0,5,0,0,6,64.3207012,0,0,0,0,0,1,0,0,0,0,0,1,0,0,1,0,0,2,6,15.36165,15.99403172
2016,76,7,SE,0,0,0,0,0,0,0,0,0,0,4,4,0,4,0,0,6,78.81401986,0,0,0,0,0,0,1,0,0,0,0,1,0,0,0,0,1,4,7,16.30242,16.05566948
2016,77,7,SE,0,0,0,0,0,0,0,0,0,0,2,2,0,2,0,0,7,92.36915176,0,0,0,0,0,0,1,0,0,0,0,1,0,0,0,0,1,4,7,16.98988,16.91262755
2016,78,7,SE,0,0,0,0,0,0,0,0,0,0,1,1,0,5,0,0,6,78.81401986,0,0,0,0,0,0,1,0,0,0,0,1,0,0,0,0,1,4,7,17.26712,17.06297381
2016,79,7,SE,0,0,0,0,0,0,0,0,0,0,0,0,0,5,0,0,4,42.70421059,0,0,0,0,0,0,1,0,0,0,0,1,0,0,0,0,1,4,7,17.78107,16.85779958
2016,80,7,SE,0,0,0,0,0,0,0,0,0,0,1,1,0,1,0,0,6,86.92673366,0,0,0,0,0,0,1,0,0,0,0,1,0,0,0,0,1,4,7,15.99767,16.72680421
2016,81,7,SE,0,0,0,0,0,0,0,0,0,0,3,3,0,5,0,0,5,70.70130605,0,0,0,0,0,0,1,0,0,0,0,1,0,0,0,0,1,4,7,16.46233,16.56236346
2016,82,7,SE,0,0,0,0,0,0,0,0,0,0,3,3,0,4,0,0,6,74.75766296,0,0,0,0,0,0,1,0,0,0,0,1,0,0,0,0,1,4,7,17.79326,16.52057368
2016,83,7,SE,0,0,0,0,0,0,0,0,0,0,3,3,0,5,0,0,8,106.7559737,0,0,0,0,0,0,1,0,0,0,0,1,0,0,0,0,1,4,7,16.50892,16.56236346
2016,84,7,SE,0,0,0,0.005,0,0,0,1,0.00125,1,1,1,2,3,0,0,6,86.92673366,0,0,0,0,0,0,1,0,0,0,0,1,0,0,0,0,1,4,7,17.44627,16.72737863
2016,85,7,SE,0,0,0,0,0,0,0,0,0,0,1,1,0,5,0,0,6,86.92673366,0,0,0,0,0,0,1,0,0,0,0,1,0,0,0,0,1,4,7,17.41429,17.06297381
2016,86,7,SE,0,0,0.005,0,0,0,1,0,0.00125,1,3,3,2,3,0,0,6,74.75766296,0,0,0,0,0,0,1,0,0,0,0,1,0,0,0,0,1,4,7,16.09615,16.23962799
2016,87,7,SE,0,0,0,0,0,0,0,0,0,0,3,3,0,3,0,0,6,74.75766296,0,0,0,0,0,0,1,0,0,0,0,1,0,0,0,0,1,4,7,16.97925,16.31402412
2016,88,7,SE,0,0,0,0,0,0,0,0,0,0,1,1,0,3,0,0,6,86.92673366,0,0,0,0,0,0,1,0,0,0,0,1,0,0,0,0,1,4,7,16.08857,16.81797565
2016,89,7,SE,0,0,0,0,0,0,0,0,0,0,1,1,0,3,0,0,6,74.75766296,0,0,0,0,0,0,1,0,0,0,0,1,0,0,0,0,1,4,7,17.36438,16.81797565
2016,90,7,SE,0,0,0,0,0,0,0,0,0,0,3,3,0,5,0,0,5,70.70130605,0,0,0,0,0,0,1,0,0,0,0,1,0,0,0,0,1,4,7,17.23656,16.56236346
2016,91,7,SE,0,0,0,0,0,0,0,0,0,0,3,3,0,5,0,0,6,74.75766296,0,0,0,0,0,0,1,0,0,0,0,1,0,0,0,0,1,4,7,16.56785,16.56236346
2016,92,7,SE,0,0,0,0,0,0,0,0,0,0,3,3,0,5,0,0,5,70.70130605,0,0,0,0,0,0,1,0,0,0,0,1,0,0,0,0,1,4,7,17.05115,16.56236346
2016,93,7,SE,0,0,0,0.005,0,0,0,1,0.00125,1,4,0,2,2,0,0,9,122.5288569,0,0,0,0,0,0,1,0,0,0,0,1,0,0,0,0,1,4,7,15.88921,15.62952032
2016,94,7,SE,0,0,0,0,0,0,0,0,0,0,0,0,0,1,0,0,4,42.70421059,0,0,0,0,0,0,1,0,0,0,0,1,0,0,0,0,1,4,7,16.29115,16.43536683
2016,95,7,SE,0,0,0,0,0,0,0,0,0,0,3,3,0,2,0,0,5,70.70130605,0,0,0,0,0,0,1,0,0,0,0,1,0,0,0,0,1,4,7,15.39606,16.22285643
2016,96,7,SE,0,0,0,0,0,0,0,0,0,0,3,3,0,2,0,0,6,74.75766296,0,0,0,0,0,0,1,0,0,0,0,1,0,0,0,0,1,4,7,16.84433,16.22285643
2016,97,7,SE,0,0,0,0,0,0,0,0,0,0,1,1,0,1,0,0,6,78.81401986,0,0,0,0,0,0,1,0,0,0,0,1,0,0,0,0,1,4,7,16.18397,16.72680421
2016,98,7,SE,0,0,0,0,0,0,0,0,0,0,0,0,0,5,0,0,4,42.70421059,0,0,0,0,0,0,1,0,0,0,0,1,0,0,0,0,1,4,7,17.59389,16.85779958
2016,99,7,SE,0,0,0,0,0,0,0,0,0,0,3,3,0,3,0,0,8,106.7559737,0,0,0,0,0,0,1,0,0,0,0,1,0,0,0,0,1,4,7,16.90856,16.31402412
2016,100,7,SW,0,0,0,0,0,0,0,0,0,0,0,0,0,5,0,0,4,42.70421059,0,0,0,0,0,0,1,0,0,0,0,1,0,0,0,1,0,3,7,16.79281,16.48720376
2016,101,8,SW,0,0,0,0,0,0,0,0,0,0,1,1,0,3,0,0,2,40.38527336,0,0,0,0,0,0,0,1,0,0,0,1,0,0,0,1,0,3,9,15.75772,16.42094265
2016,102,8,SW,0,0,0,0,0,0,0,0,0,0,4,4,0,2,0,0,3,68.58384735,0,0,0,0,0,0,0,1,0,0,0,1,0,0,0,1,0,3,9,15.91299,15.30606102
2016,104,8,SW,0,0,0,0,0,0,0,0,0,0,4,4,0,5,0,0,2,61.86680175,0,0,0,0,0,0,0,1,0,0,0,1,0,0,0,1,0,3,9,15.36293,15.73141425
2016,105,8,SW,0,0,0.015,0,0,0,1,0,0.00375,1,4,0,2,2,0,0,2,9.255599365,0,0,0,0,0,0,0,1,0,0,0,1,0,0,0,1,0,3,9,14.34599,15.22314986
2016,106,8,SW,0,0,0,0,0,0,0,0,0,0,4,4,0,2,0,0,2,24.05931179,0,0,0,0,0,0,0,1,0,0,0,1,0,0,0,1,0,3,9,15.21695,15.30606102
2016,107,8,SW,0,0,0.005,0,0,0,1,0,0.00125,1,2,0,2,2,0,0,2,39.36899997,0,0,0,0,0,0,0,1,0,0,0,1,0,0,0,1,0,3,9,15.2128,15.8723375
2016,108,8,SW,0,0,0.005,0,0,0,1,0,0.00125,1,1,1,1,5,0,0,2,61.86680175,0,0,0,0,0,0,0,1,0,0,0,1,0,0,0,1,0,3,9,15.42045,16.67308519
2016,110,8,SW,0,0,0,0,0,0,0,0,0,0,1,1,0,5,0,0,2,61.86680175,0,0,0,0,0,0,0,1,0,0,0,1,0,0,0,1,0,3,9,16.59968,16.67308519
2016,112,9,NE,0,0,0,0,0,0,0,0,0,0,3,3,0,2,0,0,5,34.35139014,0,0,0,0,0,0,0,0,1,0,0,1,0,1,0,0,0,1,10,15.19593,15.3958557
2016,113,9,NE,0,0,0.19,0.295,0,0,1,1,0.12125,1,4,0,2,1,0,0,10,104.9862477,0,0,0,0,0,0,0,0,1,0,0,1,0,1,0,0,0,1,10,14.77479,14.65664403
2016,114,9,NW,0,0,0,0.025,0,0,0,1,0.00625,1,1,1,1,2,0,0,7,77.99256315,0,0,0,0,0,0,0,0,1,0,0,1,0,0,1,0,0,2,10,16.42981,15.80793629
2016,115,9,NW,0,0.0175,0.63,0.34,0,1,1,1,0.246875,1,3,3,2,3,0.00375,1,9,70.68882195,0,0,0,0,0,0,0,0,1,0,0,1,0,0,1,0,0,2,10,14.71166,15.26765553
2016,116,9,NW,0,0,0.05,0.005,0,0,1,1,0.01375,1,3,3,2,5,0,0,5,34.35139014,0,0,0,0,0,0,0,0,1,0,0,1,0,0,1,0,0,2,10,15.87477,15.69065266
2016,117,9,NW,0,0,0.665,0.525,0,0,1,1,0.2975,1,4,0,2,1,0,0,10,104.9862477,0,0,0,0,0,0,0,0,1,0,0,1,0,0,1,0,0,2,10,14.83576,14.695393
2016,119,9,NW,0,0,0.665,0.36,0,0,1,1,0.25625,1,4,0,2,1,0,0,10,104.9862477,0,0,0,0,0,0,0,0,1,0,0,1,0,0,1,0,0,2,10,15.7324,14.695393
2016,120,9,NW,0,0,0,0,0,0,0,0,0,0,4,4,0,3,0,0,6,46.96574056,0,0,0,0,0,0,0,0,1,0,0,1,0,0,1,0,0,2,10,15.18787,15.27202093
2016,121,9,NW,0,0,0.75,0.185,0,0,1,1,0.23375,1,4,0,2,3,0,0,10,104.9862477,0,0,0,0,0,0,0,0,1,0,0,1,0,0,1,0,0,2,10,14.74266,14.68810095
2016,122,9,NW,0,0,0,0.005,0,0,0,1,0.00125,1,3,3,2,3,0,0,6,38.91214354,0,0,0,0,0,0,0,0,1,0,0,1,0,0,1,0,0,2,10,15.5591,15.54092267
2016,123,9,NW,0,0,0,0,0,0,0,0,0,0,3,3,0,5,0,0,6,38.91214354,0,0,0,0,0,0,0,0,1,0,0,1,0,0,1,0,0,2,10,15.29976,15.75073899
2016,124,9,NW,0,0,0.085,0.02,0,0,1,1,0.02625,1,4,0,2,3,0,0,10,104.9862477,0,0,0,0,0,0,0,0,1,0,0,1,0,0,1,0,0,2,10,15.7665,15.45432492
2017,1,1,SW,0,0,0,0,0,0,0,0,0,0,1,1,0,3,0,0,12,178.4522608,1,0,0,0,0,0,0,0,0,0,0,0,1,0,0,1,0,3,1,17.8252,17.81854604
2017,2,1,SW,0,0,0,0,0,0,0,0,0,0,3,3,0,3,0,0,12,178.4522608,1,0,0,0,0,0,0,0,0,0,0,0,1,0,0,1,0,3,1,16.50108,17.15866825
2017,3,1,SW,0,0,0,0,0,0,0,0,0,0,4,4,0,3,0,0,12,178.4522608,1,0,0,0,0,0,0,0,0,0,0,0,1,0,0,1,0,3,1,17.68132,16.94864804
2017,4,1,SW,0,0,0,0,0,0,0,0,0,0,4,4,0,3,0,0,12,178.4522608,1,0,0,0,0,0,0,0,0,0,0,0,1,0,0,1,0,3,1,16.43499,16.94864804
2017,5,1,SW,0,0,0,0,0,0,0,0,0,0,2,2,0,3,0,0,12,178.4522608,1,0,0,0,0,0,0,0,0,0,0,0,1,0,0,1,0,3,1,18.0779,17.8998064
2017,6,1,SW,0,0,0,0,0,0,0,0,0,0,0,0,0,2,0,0,12,178.4522608,1,0,0,0,0,0,0,0,0,0,0,0,1,0,0,1,0,3,1,16.28156,16.96483044
2017,7,1,SE,0,0,0,0,0,0,0,0,0,0,1,1,0,3,0,0,12,178.4522608,1,0,0,0,0,0,0,0,0,0,0,0,1,0,0,0,1,4,1,18.11775,18.33564013
2017,8,1,SW,0,0,0,0,0,0,0,0,0,0,1,1,0,2,0,0,12,178.4522608,1,0,0,0,0,0,0,0,0,0,0,0,1,0,0,1,0,3,1,17.81235,17.37776669
2017,9,1,SW,0,0,0,0,0,0,0,0,0,0,4,4,0,3,0,0,12,178.4522608,1,0,0,0,0,0,0,0,0,0,0,0,1,0,0,1,0,3,1,17.24471,16.94864804
2017,10,1,SW,0,0,0,0,0,0,0,0,0,0,4,4,0,4,0,0,12,178.4522608,1,0,0,0,0,0,0,0,0,0,0,0,1,0,0,1,0,3,1,16.14852,17.22068287
2017,11,1,SE,0,0.0025,0,0,0,1,0,0,0.000625,1,1,1,2,2,0.000625,1,12,178.4522608,1,0,0,0,0,0,0,0,0,0,0,0,1,0,0,0,1,4,1,15.61259,18.05365964
2017,12,1,SE,0.0025,0.0025,0,0,1,1,0,0,0.00125,1,2,2,2,3,0.000625,1,12,178.4522608,1,0,0,0,0,0,0,0,0,0,0,0,1,0,0,0,1,4,1,14.89164,18.56251904
2017,13,1,NE,0,0,0,0.005,0,0,0,1,0.00125,1,4,4,2,3,0,0,12,178.4522608,1,0,0,0,0,0,0,0,0,0,0,0,1,1,0,0,0,1,1,16.31125,16.79174145
2017,14,1,NE,0,0,0,0,0,0,0,0,0,0,3,3,0,4,0,0,12,178.4522608,1,0,0,0,0,0,0,0,0,0,0,0,1,1,0,0,0,1,1,17.32525,17.31901984
2017,15,1,SE,0,0,0,0,0,0,0,0,0,0,3,3,0,3,0,0,12,178.4522608,1,0,0,0,0,0,0,0,0,0,0,0,1,0,0,0,1,4,1,18.5331,17.79957577
2017,16,1,SW,0,0,0,0,0,0,0,0,0,0,1,1,0,2,0,0,12,178.4522608,1,0,0,0,0,0,0,0,0,0,0,0,1,0,0,1,0,3,1,16.96051,17.37776669
2017,17,1,SE,0,0,0,0,0,0,0,0,0,0,1,1,0,5,0,0,12,178.4522608,1,0,0,0,0,0,0,0,0,0,0,0,1,0,0,0,1,4,1,17.52864,18.54157202
2017,18,1,SE,0,0,0,0,0,0,0,0,0,0,1,1,0,5,0,0,12,178.4522608,1,0,0,0,0,0,0,0,0,0,0,0,1,0,0,0,1,4,1,18.24103,18.54157202
2017,19,1,SE,0,0,0,0,0,0,0,0,0,0,4,4,0,5,0,0,12,178.4522608,1,0,0,0,0,0,0,0,0,0,0,0,1,0,0,0,1,4,1,17.72702,17.65290494
2017,20,1,SE,0,0,0,0,0,0,0,0,0,0,3,3,0,3,0,0,12,178.4522608,1,0,0,0,0,0,0,0,0,0,0,0,1,0,0,0,1,4,1,18.3237,17.79957577
2017,21,1,SW,0,0,0,0,0,0,0,0,0,0,3,3,0,3,0,0,12,178.4522608,1,0,0,0,0,0,0,0,0,0,0,0,1,0,0,1,0,3,1,17.38416,17.15866825
2017,22,2,NE,0,0,0.25,0,0,0,1,0,0.0625,1,1,1,2,5,0,0,6,115.3682752,0,1,0,0,0,0,0,0,0,0,0,0,1,1,0,0,0,1,2,18.0831,17.66592231
2017,23,2,NE,0,0,0,0,0,0,0,0,0,0,0,0,0,3,0,0,13,163.1559338,0,1,0,0,0,0,0,0,0,0,0,0,1,1,0,0,0,1,2,17.03925,16.58132986
2017,24,2,NE,0,0.005,0,0.085,0,1,0,1,0.0225,1,4,4,2,3,0,0,12,154.6878799,0,1,0,0,0,0,0,0,0,0,0,0,1,1,0,0,0,1,2,11.33439,16.53699112
2017,25,2,SE,0,0.0025,0.21,0.005,0,1,1,1,0.054375,1,2,2,2,5,0.000625,1,10,142.1837903,0,1,0,0,0,0,0,0,0,0,0,0,1,0,0,0,1,4,2,16.07581,18.14309931
2017,26,2,NE,0,0,0,0,0,0,0,0,0,0,2,0,0,1,0,0,9,105.8324897,0,1,0,0,0,0,0,0,0,0,0,0,1,1,0,0,0,1,2,15.47647,16.38397816
2017,27,2,SE,0,0,0.005,0,0,0,1,0,0.00125,1,4,0,2,1,0,0,8,127.3106828,0,1,0,0,0,0,0,0,0,0,0,0,1,0,0,0,1,4,2,16.57041,16.48951609
2017,28,2,SE,0,0,0,0,0,0,0,0,0,0,4,0,0,1,0,0,8,127.3106828,0,1,0,0,0,0,0,0,0,0,0,0,1,0,0,0,1,4,2,16.47669,16.52916665
2017,29,2,NE,0,0,0,0,0,0,0,0,0,0,3,3,0,2,0,0,8,107.3327252,0,1,0,0,0,0,0,0,0,0,0,0,1,1,0,0,0,1,2,16.89938,16.6030493
2017,30,2,NE,0.005,0,0.015,0.025,1,0,1,1,0.01125,1,5,0,2,1,0.00125,1,12,135.5460259,0,1,0,0,0,0,0,0,0,0,0,0,1,1,0,0,0,1,2,19.07268,16.06597713
2017,31,2,NE,0,0,0.03,0.005,0,0,1,1,0.00875,1,4,0,2,3,0,0,8,127.3106828,0,1,0,0,0,0,0,0,0,0,0,0,1,1,0,0,0,1,2,16.72557,16.12202806
2017,32,2,NE,0,0,0.015,0.035,0,0,1,1,0.0125,1,4,4,2,2,0,0,12,154.6878799,0,1,0,0,0,0,0,0,0,0,0,0,1,1,0,0,0,1,2,17.12354,16.23435414
2017,33,2,NE,0,0,0.02,0,0,0,1,0,0.005,1,3,3,2,2,0,0,8,107.3327252,0,1,0,0,0,0,0,0,0,0,0,0,1,1,0,0,0,1,2,15.80373,16.54657063
2017,34,2,NE,0,0,0.005,0.045,0,0,1,1,0.0125,1,4,4,2,2,0,0,12,154.6878799,0,1,0,0,0,0,0,0,0,0,0,0,1,1,0,0,0,1,2,16.53639,16.23435414
2017,35,3,SW,0,0,0,0.013333333,0,0,0,1,0.003333333,1,3,3,2,3,0,0,8,116.2043447,0,0,1,0,0,0,0,0,0,0,0,0,1,0,0,1,0,3,3,16.30819,16.63721398
2017,36,3,SW,0,0,0,0,0,0,0,0,0,0,3,3,0,1,0,0,8,116.2043447,0,0,1,0,0,0,0,0,0,0,0,0,1,0,0,1,0,3,3,15.51695,16.3913917
2017,37,3,SW,0,0,0,0,0,0,0,0,0,0,1,1,0,1,0,0,8,116.2043447,0,0,1,0,0,0,0,0,0,0,0,0,1,0,0,1,0,3,3,15.7708,16.92156954
2017,38,3,SW,0,0,0,0.115,0,0,0,1,0.02875,1,3,3,2,3,0,0,8,116.2043447,0,0,1,0,0,0,0,0,0,0,0,0,1,0,0,1,0,3,3,16.0123,16.63721398
2017,39,3,SW,0,0,0,0,0,0,0,0,0,0,4,4,0,2,0,0,13,145.4614678,0,0,1,0,0,0,0,0,0,0,0,0,1,0,0,1,0,3,3,15.77655,16.14147994
2017,40,3,SW,0,0,0,0,0,0,0,0,0,0,4,4,0,2,0,0,13,145.4614678,0,0,1,0,0,0,0,0,0,0,0,0,1,0,0,1,0,3,3,17.13946,16.14147994
2017,41,3,SW,0,0,0,0,0,0,0,0,0,0,3,3,0,3,0,0,8,116.2043447,0,0,1,0,0,0,0,0,0,0,0,0,1,0,0,1,0,3,3,16.97068,16.69884362
2017,42,3,SW,0,0,0,0,0,0,0,0,0,0,3,3,0,2,0,0,8,116.2043447,0,0,1,0,0,0,0,0,0,0,0,0,1,0,0,1,0,3,3,16.02612,16.45239363
2017,43,3,SW,0,0,0,0,0,0,0,0,0,0,1,0,0,1,0,0,8,116.2043447,0,0,1,0,0,0,0,0,0,0,0,0,1,0,0,1,0,3,3,16.34686,16.44353876
2017,44,4,NW,0,0,0,0,0,0,0,0,0,0,3,3,0,1,0,0,8,96.27426542,0,0,0,1,0,0,0,0,0,0,0,0,1,0,1,0,0,2,4,16.93875,16.40369687
2017,45,4,NW,0,0,0,0,0,0,0,0,0,0,4,0,0,1,0,0,5,21.55614326,0,0,0,1,0,0,0,0,0,0,0,0,1,0,1,0,0,2,4,16.02564,15.82855516
2017,46,4,NW,0,0,0,0.005,0,0,0,1,0.00125,1,4,0,2,1,0,0,5,21.55614326,0,0,0,1,0,0,0,0,0,0,0,0,1,0,1,0,0,2,4,15.52521,15.80289526
2017,47,4,NW,0,0,0,0,0,0,0,0,0,0,3,3,0,1,0,0,3,4.216077046,0,0,0,1,0,0,0,0,0,0,0,0,1,0,1,0,0,2,4,15.74422,16.40369687
2017,48,4,NW,0,0,0,0,0,0,0,0,0,0,4,4,0,1,0,0,5,21.55614326,0,0,0,1,0,0,0,0,0,0,0,0,1,0,1,0,0,2,4,15.765,16.14568951
2017,49,4,NW,0,0,0,0,0,0,0,0,0,0,4,4,0,1,0,0,6,36.94432196,0,0,0,1,0,0,0,0,0,0,0,0,1,0,1,0,0,2,4,15.63768,16.14568951
2017,50,4,NW,0,0,0,0,0,0,0,0,0,0,2,0,0,1,0,0,4,6.167964568,0,0,0,1,0,0,0,0,0,0,0,0,1,0,1,0,0,2,4,15.8682,16.44408848
2017,51,4,NW,0,0,0,0.005,0,0,0,1,0.00125,1,3,3,2,1,0,0,5,44.5102,0,0,0,1,0,0,0,0,0,0,0,0,1,0,1,0,0,2,4,16.00556,16.34916384
2017,52,4,NW,0,0,0,0,0,0,0,0,0,0,4,0,0,1,0,0,5,21.55614326,0,0,0,1,0,0,0,0,0,0,0,0,1,0,1,0,0,2,4,15.70907,15.82855516
2017,53,4,NW,0,0,0,0,0,0,0,0,0,0,3,3,0,1,0,0,3,4.216077046,0,0,0,1,0,0,0,0,0,0,0,0,1,0,1,0,0,2,4,16.51783,16.40369687
2017,54,4,NW,0,0,0,0,0,0,0,0,0,0,1,1,0,1,0,0,6,36.94432196,0,0,0,1,0,0,0,0,0,0,0,0,1,0,1,0,0,2,4,15.72478,16.78023635
2017,55,4,NW,0,0,0,0,0,0,0,0,0,0,3,3,0,1,0,0,3,4.216077046,0,0,0,1,0,0,0,0,0,0,0,0,1,0,1,0,0,2,4,17.42285,16.40369687
2017,56,4,NW,0,0,0,0,0,0,0,0,0,0,0,0,0,1,0,0,4,7.339097081,0,0,0,1,0,0,0,0,0,0,0,0,1,0,1,0,0,2,4,16.45459,16.4238302
2017,57,5,NE,0,0,0,0.04,0,0,0,1,0.01,1,2,2,2,5,0,0,6,19.19380028,0,0,0,0,1,0,0,0,0,0,0,0,1,1,0,0,0,1,5,17.78728,17.16225111
2017,58,5,NE,0,0,0,0.005,0,0,0,1,0.00125,1,1,1,2,1,0,0,12,78.77077891,0,0,0,0,1,0,0,0,0,0,0,0,1,1,0,0,0,1,5,16.78447,16.60878069
2017,59,5,NE,0,0,0,0,0,0,0,0,0,0,1,1,0,1,0,0,12,78.77077891,0,0,0,0,1,0,0,0,0,0,0,0,1,1,0,0,0,1,5,16.85678,16.67004377
2017,60,5,NE,0,0,0,0,0,0,0,0,0,0,3,3,0,3,0,0,9,39.58611431,0,0,0,0,1,0,0,0,0,0,0,0,1,1,0,0,0,1,5,17.21456,16.55945022
2017,61,5,NW,0,0,0,0,0,0,0,0,0,0,3,3,0,5,0,0,9,39.58611431,0,0,0,0,1,0,0,0,0,0,0,0,1,0,1,0,0,2,5,16.71761,16.75037618
2017,63,5,NE,0,0.0125,0.37,0.9,0,1,1,1,0.320625,1,4,4,2,5,0.003125,1,11,75.59281149,0,0,0,0,1,0,0,0,0,0,0,0,1,1,0,0,0,1,5,18.18426,16.90841494
2017,64,5,NE,0,0,0,0,0,0,0,0,0,0,1,1,0,1,0,0,9,57.11891565,0,0,0,0,1,0,0,0,0,0,0,0,1,1,0,0,0,1,5,17.04274,16.67004377
2017,65,5,NE,0,0,0,0,0,0,0,0,0,0,1,1,0,1,0,0,9,57.11891565,0,0,0,0,1,0,0,0,0,0,0,0,1,1,0,0,0,1,5,16.94575,16.67004377
2017,66,5,NE,0,0,0,0.04,0,0,0,1,0.01,1,4,0,2,1,0,0,11,92.89286737,0,0,0,0,1,0,0,0,0,0,0,0,1,1,0,0,0,1,5,15.54868,15.67075137
2017,67,5,NE,0,0,0.015,0.33,0,0,1,1,0.08625,1,4,0,2,1,0,0,11,92.89286737,0,0,0,0,1,0,0,0,0,0,0,0,1,1,0,0,0,1,5,15.44649,15.67075137
2017,68,5,NE,0,0,0.04,0.505,0,0,1,1,0.13625,1,4,0,2,1,0,0,11,92.89286737,0,0,0,0,1,0,0,0,0,0,0,0,1,1,0,0,0,1,5,16.52859,15.67075137
2017,69,5,NE,0,0,0.005,0.01,0,0,1,1,0.00375,1,4,0,2,1,0,0,11,92.89286737,0,0,0,0,1,0,0,0,0,0,0,0,1,1,0,0,0,1,5,15.58375,15.67075137
2017,70,5,NE,0,0,0.045,0.025,0,0,1,1,0.0175,1,3,3,2,1,0,0,11,72.97840228,0,0,0,0,1,0,0,0,0,0,0,0,1,1,0,0,0,1,5,16.54826,16.2126295
2017,71,6,NW,0,0,0,0,0,0,0,0,0,0,5,0,0,1,0,0,6,75.01971389,0,0,0,0,0,1,0,0,0,0,0,0,1,0,1,0,0,2,6,16.30715,15.82855516
2017,72,6,NW,0,0,0,0,0,0,0,0,0,0,4,0,0,1,0,0,6,75.01971389,0,0,0,0,0,1,0,0,0,0,0,0,1,0,1,0,0,2,6,15.51352,15.82855516
2017,73,6,NW,0,0,0,0,0,0,0,0,0,0,4,4,0,1,0,0,6,75.01971389,0,0,0,0,0,1,0,0,0,0,0,0,1,0,1,0,0,2,6,16.01521,16.14568951
2017,74,6,NW,0,0,0,0,0,0,0,0,0,0,4,0,0,1,0,0,6,75.01971389,0,0,0,0,0,1,0,0,0,0,0,0,1,0,1,0,0,2,6,14.66314,15.82855516
2017,75,6,NW,0,0,0,0,0,0,0,0,0,0,3,3,0,1,0,0,6,75.01971389,0,0,0,0,0,1,0,0,0,0,0,0,1,0,1,0,0,2,6,16.26287,16.40369687
2017,76,6,NW,0,0,0,0.005,0,0,0,1,0.00125,1,4,0,2,1,0,0,6,75.01971389,0,0,0,0,0,1,0,0,0,0,0,0,1,0,1,0,0,2,6,14.89755,15.80289526
2017,77,6,NW,0,0,0,0,0,0,0,0,0,0,1,1,0,1,0,0,7,82.23662785,0,0,0,0,0,1,0,0,0,0,0,0,1,0,1,0,0,2,6,17.77277,16.78023635
2017,78,6,NW,0,0,0,0,0,0,0,0,0,0,4,0,0,1,0,0,6,75.01971389,0,0,0,0,0,1,0,0,0,0,0,0,1,0,1,0,0,2,6,15.98339,15.82855516
2017,79,6,NW,0,0,0,0,0,0,0,0,0,0,3,3,0,1,0,0,6,75.01971389,0,0,0,0,0,1,0,0,0,0,0,0,1,0,1,0,0,2,6,17.22363,16.40369687
2017,80,6,NW,0,0,0,0,0,0,0,0,0,0,3,3,0,1,0,0,4,53.51023528,0,0,0,0,0,1,0,0,0,0,0,0,1,0,1,0,0,2,6,15.96274,16.40369687
2017,81,6,NW,0,0,0,0,0,0,0,0,0,0,1,1,0,1,0,0,7,82.23662785,0,0,0,0,0,1,0,0,0,0,0,0,1,0,1,0,0,2,6,17.12215,16.78023635
2017,82,7,SE,0,0,0,0,0,0,0,0,0,0,2,2,0,2,0,0,7,107.776428,0,0,0,0,0,0,1,0,0,0,0,0,1,0,0,0,1,4,7,17.15314,17.80496375
2017,84,7,SE,0,0,0,0,0,0,0,0,0,0,0,0,0,3,0,0,6,62.17123709,0,0,0,0,0,0,1,0,0,0,0,0,1,0,0,0,1,4,7,17.11552,17.14468855
2017,86,7,SW,0,0,0,0,0,0,0,0,0,0,3,3,0,5,0,0,6,76.90311358,0,0,0,0,0,0,1,0,0,0,0,0,1,0,0,1,0,3,7,17.55579,16.77931353
2017,87,7,SE,0,0,0,0,0,0,0,0,0,0,3,3,0,2,0,0,7,88.61963984,0,0,0,0,0,0,1,0,0,0,0,0,1,0,0,0,1,4,7,16.73141,17.08484483
2017,88,7,SE,0,0,0,0,0,0,0,0,0,0,3,3,0,5,0,0,8,125.0428623,0,0,0,0,0,0,1,0,0,0,0,0,1,0,0,0,1,4,7,16.9717,17.40141418
2017,90,7,SE,0,0,0,0,0,0,0,0,0,0,3,3,0,2,0,0,6,77.94412026,0,0,0,0,0,0,1,0,0,0,0,0,1,0,0,0,1,4,7,16.67179,17.08484483
2017,91,7,SE,0,0,0,0,0,0,0,0,0,0,1,1,0,1,0,0,7,108.8174347,0,0,0,0,0,0,1,0,0,0,0,0,1,0,0,0,1,4,7,18.16562,17.53640493
2017,92,7,SE,0,0,0,0,0,0,0,0,0,0,3,3,0,3,0,0,8,125.0428623,0,0,0,0,0,0,1,0,0,0,0,0,1,0,0,0,1,4,7,17.29997,17.3023426
2017,93,7,SE,0,0,0,0,0,0,0,0,0,0,3,3,0,3,0,0,8,125.0428623,0,0,0,0,0,0,1,0,0,0,0,0,1,0,0,0,1,4,7,16.33601,17.3023426
2017,94,7,SE,0,0,0,0,0,0,0,0,0,0,1,1,0,3,0,0,7,108.8174347,0,0,0,0,0,0,1,0,0,0,0,0,1,0,0,0,1,4,7,17.12625,17.82949884
2017,95,7,SE,0,0,0,0.005,0,0,0,1,0.00125,1,1,1,2,3,0,0,8,125.0428623,0,0,0,0,0,0,1,0,0,0,0,0,1,0,0,0,1,4,7,18.69946,17.73710365
2017,96,7,SE,0,0,0,0.01,0,0,0,1,0.0025,1,1,1,2,1,0,0,7,108.8174347,0,0,0,0,0,0,1,0,0,0,0,0,1,0,0,0,1,4,7,17.56117,17.45082339
2017,97,7,SE,0,0,0,0.06,0,0,0,1,0.015,1,3,3,2,2,0,0,7,88.61963984,0,0,0,0,0,0,1,0,0,0,0,0,1,0,0,0,1,4,7,17.86113,17.01361069
2017,98,7,SE,0,0,0,0.01,0,0,0,1,0.0025,1,3,3,2,5,0,0,6,76.90311358,0,0,0,0,0,0,1,0,0,0,0,0,1,0,0,0,1,4,7,16.7721,17.32471869
2017,99,7,SE,0,0,0.005,0.01,0,0,1,1,0.00375,1,3,3,2,2,0,0,7,88.61963984,0,0,0,0,0,0,1,0,0,0,0,0,1,0,0,0,1,4,7,16.97072,17.01361069
2017,100,7,SE,0,0.0025,0,0.22,0,1,0,1,0.055625,1,4,0,2,3,0.000625,1,10,149.2133361,0,0,0,0,0,0,1,0,0,0,0,0,1,0,0,0,1,4,7,15.04301,16.46827221
2017,101,7,SE,0,0,0,0,0,0,0,0,0,0,0,0,0,2,0,0,6,62.17123709,0,0,0,0,0,0,1,0,0,0,0,0,1,0,0,0,1,4,7,17.10414,17.11475809
2017,102,7,SE,0,0,0,0.015,0,0,0,1,0.00375,1,3,3,2,2,0,0,7,88.61963984,0,0,0,0,0,0,1,0,0,0,0,0,1,0,0,0,1,4,7,16.89365,17.01361069
2017,103,7,SE,0,0,0,0,0,0,0,0,0,0,3,3,0,5,0,0,8,125.0428623,0,0,0,0,0,0,1,0,0,0,0,0,1,0,0,0,1,4,7,16.52613,17.40141418
2017,105,7,SE,0,0,0,0,0,0,0,0,0,0,0,0,0,2,0,0,6,62.17123709,0,0,0,0,0,0,1,0,0,0,0,0,1,0,0,0,1,4,7,18.20825,17.11475809
2017,106,7,SE,0,0,0,0.025,0,0,0,1,0.00625,1,3,3,2,2,0,0,6,77.94412026,0,0,0,0,0,0,1,0,0,0,0,0,1,0,0,0,1,4,7,17.73429,17.01361069
2017,107,7,SW,0,0,0,0,0,0,0,0,0,0,4,0,0,3,0,0,10,149.2133361,0,0,0,0,0,0,1,0,0,0,0,0,1,0,0,1,0,3,7,16.51532,16.04699316
2017,108,7,SW,0,0,0,0,0,0,0,0,0,0,0,0,0,3,0,0,6,62.17123709,0,0,0,0,0,0,1,0,0,0,0,0,1,0,0,1,0,3,7,15.65345,16.66089861
2017,111,8,SW,0,0,0,0.27,0,0,0,1,0.0675,1,1,1,2,2,0,0,5,35.23500613,0,0,0,0,0,0,0,1,0,0,0,0,1,0,0,1,0,3,9,18.03307,16.9127799
2017,112,8,SW,0,0,0,0.19,0,0,0,1,0.0475,1,4,4,2,4,0,0,8,65.31612143,0,0,0,0,0,0,0,1,0,0,0,0,1,0,0,1,0,3,9,17.21596,16.6395799
2017,114,8,SW,0,0,0,0.83,0,0,0,1,0.2075,1,4,4,2,1,0,0,1,15.3881787,0,0,0,0,0,0,0,1,0,0,0,0,1,0,0,1,0,3,9,16.05851,16.16495131
2017,115,8,SW,0,0,0,0,0,0,0,0,0,0,4,0,0,2,0,0,5,38.05619577,0,0,0,0,0,0,0,1,0,0,0,0,1,0,0,1,0,3,9,15.91155,15.86251625
2017,116,8,SW,0,0,0,0.005,0,0,0,1,0.00125,1,4,4,2,1,0,0,7,37.0151891,0,0,0,0,0,0,0,1,0,0,0,0,1,0,0,1,0,3,9,16.17891,16.16495131
2017,117,8,SW,0,0,0,0,0,0,0,0,0,0,2,0,0,1,0,0,2,16.42918537,0,0,0,0,0,0,0,1,0,0,0,0,1,0,0,1,0,3,9,16.16847,16.46385933
2017,118,8,SW,0,0,0,0,0,0,0,0,0,0,1,1,0,1,0,0,1,15.3881787,0,0,0,0,0,0,0,1,0,0,0,0,1,0,0,1,0,3,9,16.27554,16.92156954
2017,119,8,SW,0,0,0,0,0,0,0,0,0,0,0,0,0,1,0,0,5,15.3881787,0,0,0,0,0,0,0,1,0,0,0,0,1,0,0,1,0,3,9,15.30776,16.44353876
2017,120,8,SW,0,0,0,0,0,0,0,0,0,0,1,1,0,1,0,0,1,15.3881787,0,0,0,0,0,0,0,1,0,0,0,0,1,0,0,1,0,3,9,16.68198,16.92156954
2017,121,8,SW,0,0,0,0,0,0,0,0,0,0,3,3,0,1,0,0,5,38.05619577,0,0,0,0,0,0,0,1,0,0,0,0,1,0,0,1,0,3,9,16.20923,16.3913917
2017,123,9,NW,0,0,0,0.245,0,0,0,1,0.06125,1,2,2,2,1,0,0,9,68.84032331,0,0,0,0,0,0,0,0,1,0,0,0,1,0,1,0,0,2,10,17.13838,16.54250198
2017,124,9,NE,0,0,0,0.015,0,0,0,1,0.00375,1,3,3,2,1,0,0,7,35.82543098,0,0,0,0,0,0,0,0,1,0,0,0,1,1,0,0,0,1,10,16.8565,16.04732457
2017,125,9,NE,0,0,0.01,0.12,0,0,1,1,0.0325,1,4,0,2,2,0,0,13,108.4302444,0,0,0,0,0,0,0,0,1,0,0,0,1,1,0,0,0,1,10,14.9013,15.52129374
2017,126,9,NW,0,0,0,0,0,0,0,0,0,0,1,1,0,1,0,0,7,34.93533949,0,0,0,0,0,0,0,0,1,0,0,0,1,0,1,0,0,2,10,17.3535,16.51388523
2017,127,9,NW,0.0025,0,0.015,0.035,1,0,1,1,0.013125,1,3,3,2,3,0.000625,1,10,71.25851713,0,0,0,0,0,0,0,0,1,0,0,0,1,0,1,0,0,2,10,17.955,16.47342863
2017,128,9,NW,0,0,0.005,0,0,0,1,0,0.00125,1,3,3,2,3,0,0,7,35.82543098,0,0,0,0,0,0,0,0,1,0,0,0,1,0,1,0,0,2,10,16.47022,16.35277611
2017,129,9,NW,0,0,0.045,0.24,0,0,1,1,0.07125,1,4,0,2,1,0,0,13,108.4302444,0,0,0,0,0,0,0,0,1,0,0,0,1,0,1,0,0,2,10,16.97927,15.57014806
2017,132,9,NW,0,0,0.01,0.005,0,0,1,1,0.00375,1,4,4,2,2,0,0,7,34.93533949,0,0,0,0,0,0,0,0,1,0,0,0,1,0,1,0,0,2,10,15.77974,15.82655738
2017,133,9,NW,0,0,0.015,0.265,0,0,1,1,0.07,1,4,0,2,1,0,0,13,108.4302444,0,0,0,0,0,0,0,0,1,0,0,0,1,0,1,0,0,2,10,15.76203,15.57014806
2017,134,9,NW,0,0,0,0.1,0,0,0,1,0.025,1,3,3,2,5,0,0,6,30.70355503,0,0,0,0,0,0,0,0,1,0,0,0,1,0,1,0,0,2,10,15.46411,16.5080749
2017,135,9,NW,0,0,0,0,0,0,0,0,0,0,3,3,0,5,0,0,6,30.70355503,0,0,0,0,0,0,0,0,1,0,0,0,1,0,1,0,0,2,10,16.79476,16.56578079
2017,136,9,NW,0,0,0.005,0,0,0,1,0,0.00125,1,4,0,2,2,0,0,13,108.4302444,0,0,0,0,0,0,0,0,1,0,0,0,1,0,1,0,0,2,10,15.57398,15.51677777
