Year,Field.ID,Quadrant,Mildew_Apr,Mildew_May,Mildew_Jun,Mildew_Jul,Mildew_Apr_Dummy,Mildew_May_Dummy,Mildew_Jun_Dummy,Mildew_Jul_Dummy,mi,Mildew.Incidence_Dummy,r6,nonr6,is,Pruning,FlagShoot.Incidence,FlagShoot.Incidence_Dummy,YearlyCon,YearlyTCost,Grower_1,Grower_2,Grower_3,Grower_4,Grower_5,Grower_6,Grower_7,Grower_8,Grower_9,YearDummy_2014,YearDummy_2015,YearDummy_2016,YearDummy_2017,NE,NW,SW,SE,Direction_Ordinal,Grower_Ordinal,Prediction,ATE
2014,1,SW,0,0,0,0.01,0,0,0,1,0.0025,1,1,1,0,3,0,0,8,619.8915,1,0,0,0,0,0,0,0,0,1,0,0,0,0,0,1,0,3,1,109.8267909,288.9143084
2014,2,SW,0,0,0,0.01,0,0,0,1,0.0025,1,4,4,1,3,0,0,8,619.8915,1,0,0,0,0,0,0,0,0,1,0,0,0,0,0,1,0,3,1,143.2081225,309.9666632
2014,3,SW,0,0,0,0.01,0,0,0,1,0.0025,1,4,4,1,3,0,0,8,619.8915,1,0,0,0,0,0,0,0,0,1,0,0,0,0,0,1,0,3,1,149.0446966,309.9666632
2014,4,SW,0,0,0.05,0.1,0,0,1,1,0.0375,1,2,2,1,4,0,0,8,619.8915,1,0,0,0,0,0,0,0,0,1,0,0,0,0,0,1,0,3,1,154.2712183,291.9999081
2014,5,SE,0,0,0,0,0,0,0,0,0,0,1,1,0,3,0,0,8,619.8915,1,0,0,0,0,0,0,0,0,1,0,0,0,0,0,0,1,4,1,138.5190858,315.9626788
2014,6,SW,0,0,0,0,0,0,0,0,0,0,1,1,0,3,0,0,8,619.8915,1,0,0,0,0,0,0,0,0,1,0,0,0,0,0,1,0,3,1,128.6482647,288.9143084
2014,7,SW,0,0,0.01,0.02,0,0,1,1,0.0075,1,4,4,0,4,0,0,8,619.8915,1,0,0,0,0,0,0,0,0,1,0,0,0,0,0,1,0,3,1,133.4734327,296.7826283
2014,9,SE,0,0,0,0.16,0,0,0,1,0.04,1,1,1,1,2,0,0,8,619.8915,1,0,0,0,0,0,0,0,0,1,0,0,0,0,0,0,1,4,1,139.6213133,253.395509
2014,10,NE,0,0.01,0.1,0.07,0,1,1,1,0.045,1,2,2,1,5,0,0,8,619.8915,1,0,0,0,0,0,0,0,0,1,0,0,0,1,0,0,0,1,1,112.8815219,23.71116922
2014,11,SE,0,0.13,0.09,0.02,0,1,1,1,0.06,1,2,2,1,3,0,0,8,619.8915,1,0,0,0,0,0,0,0,0,1,0,0,0,0,0,0,1,4,1,138.5399185,311.665375
2014,12,NE,0.01,0,0.48,0.12,1,0,1,1,0.1525,1,4,4,1,3,0.0025,1,10,915.9638196,1,0,0,0,0,0,0,0,0,1,0,0,0,1,0,0,0,1,1,180.2892637,-21.76725191
2014,13,SE,0,0,0.03,0.01,0,0,1,1,0.01,1,1,1,1,3,0,0,8,619.8915,1,0,0,0,0,0,0,0,0,1,0,0,0,0,0,0,1,4,1,154.8484816,315.9626788
2014,14,NE,0,0,0.36,0.09,0,0,1,1,0.1125,1,3,3,1,5,0,0,8,619.8915,1,0,0,0,0,0,0,0,0,1,0,0,0,1,0,0,0,1,1,140.9570574,-46.63104339
2014,15,SE,0,0.03,0.04,0.14,0,1,1,1,0.0525,1,3,3,2,3,0,0,8,619.8915,1,0,0,0,0,0,0,0,0,1,0,0,0,0,0,0,1,4,1,120.9611358,175.2484265
2014,16,SW,0,0,0,0,0,0,0,0,0,0,1,1,0,3,0,0,8,619.8915,1,0,0,0,0,0,0,0,0,1,0,0,0,0,0,1,0,3,1,144.1282762,288.9143084
2014,17,SE,0,0,0.01,0.04,0,0,1,1,0.0125,1,1,1,1,3,0,0,8,619.8915,1,0,0,0,0,0,0,0,0,1,0,0,0,0,0,0,1,4,1,117.6392602,315.9626788
2014,18,SW,0,0,0.02,0.03,0,0,1,1,0.0125,1,4,4,1,4,0,0,10,619.8915,1,0,0,0,0,0,0,0,0,1,0,0,0,0,0,1,0,3,1,152.6118008,296.7826283
2014,19,SE,0,0,0.01,0.02,0,0,1,1,0.0075,1,1,1,1,3,0,0,8,619.8915,1,0,0,0,0,0,0,0,0,1,0,0,0,0,0,0,1,4,1,137.2635461,315.9626788
2014,20,SE,0,0,0,0.05,0,0,0,1,0.0125,1,1,1,1,5,0,0,8,619.8915,1,0,0,0,0,0,0,0,0,1,0,0,0,0,0,0,1,4,1,164.3956242,301.9553089
2014,21,SE,0,0.01,0.02,0.13,0,1,1,1,0.04,1,4,4,1,5,0,0,10,619.8915,1,0,0,0,0,0,0,0,0,1,0,0,0,0,0,0,1,4,1,51.81437439,278.5768836
2014,22,SE,0,0,0,0,0,0,0,0,0,0,3,3,0,3,0,0,8,619.8915,1,0,0,0,0,0,0,0,0,1,0,0,0,0,0,0,1,4,1,127.2352743,294.1093274
2014,23,SW,0,0.0075,0.11,0.12,0,1,1,1,0.059375,1,3,3,1,4,0,0,8,619.8915,1,0,0,0,0,0,0,0,0,1,0,0,0,0,0,1,0,3,1,143.329224,268.3637268
2014,25,NE,0.03,0.38,1,0.99,1,1,1,1,0.6,1,4,4,1,5,0.0275,1,8,681.5423949,0,1,0,0,0,0,0,0,0,1,0,0,0,1,0,0,0,1,2,235.2458589,-21.37087746
2014,26,NE,0,0.01,0.08,0.09,0,1,1,1,0.045,1,2,0,2,2,0,0,5,161.6129119,0,1,0,0,0,0,0,0,0,1,0,0,0,1,0,0,0,1,2,162.8576776,-273.0387591
2014,27,SE,0,0,0.12,0.42,0,0,1,1,0.135,1,4,0,2,5,0,0,13,1131.950133,0,1,0,0,0,0,0,0,0,1,0,0,0,0,0,0,1,4,2,141.7593204,-104.4692433
2014,28,SE,0,0,0.55,0.82,0,0,1,1,0.3425,1,4,0,2,4,0,0,13,1131.950133,0,1,0,0,0,0,0,0,0,1,0,0,0,0,0,0,1,4,2,129.1123021,16.9310052
2014,29,SE,0,0,0,0,0,0,0,0,0,0,1,1,0,5,0,0,4,98.14103417,0,1,0,0,0,0,0,0,0,1,0,0,0,0,0,0,1,4,2,119.2945417,267.4360908
2014,30,NE,0,0.12,0.88,0.39,0,1,1,1,0.3475,1,3,3,2,2,0,0,10,676.5237332,0,1,0,0,0,0,0,0,0,1,0,0,0,1,0,0,0,1,2,89.46140674,-152.6260984
2014,31,NE,0.03,0.07,0.94,0.71,1,1,1,1,0.4375,1,5,0,2,4,0.01,1,17,1733.358983,0,1,0,0,0,0,0,0,0,1,0,0,0,1,0,0,0,1,2,-11.32214981,-47.46439043
2014,32,NE,0,0,0.82,0.36,0,0,1,1,0.295,1,4,0,2,2,0,0,13,1249.933725,0,1,0,0,0,0,0,0,0,1,0,0,0,1,0,0,0,1,2,129.6471508,-117.0542165
2014,33,NE,0,0,0.47,0.14,0,0,1,1,0.1525,1,4,4,2,4,0,0,8,1408.945203,0,1,0,0,0,0,0,0,0,1,0,0,0,1,0,0,0,1,2,132.5835729,-102.2110409
2014,34,NE,0,0.06,0.87,1,0,1,1,1,0.4825,1,3,3,2,4,0.0025,1,10,792.2541997,0,1,0,0,0,0,0,0,0,1,0,0,0,1,0,0,0,1,2,159.6603982,-80.09115561
2014,35,NW,0,0,0,0,0,0,0,0,0,0,4,0,0,1,0,0,6,181.0814462,0,0,0,1,0,0,0,0,0,1,0,0,0,0,1,0,0,2,4,112.4000309,215.6729762
2014,36,NW,0,0,0,0,0,0,0,0,0,0,4,0,0,1,0,0,6,181.0814462,0,0,0,1,0,0,0,0,0,1,0,0,0,0,1,0,0,2,4,117.0702483,215.6729762
2014,37,NW,0,0,0,0.01,0,0,0,1,0.0025,1,3,3,2,3,0,0,4,168.3684892,0,0,0,1,0,0,0,0,0,1,0,0,0,0,1,0,0,2,4,144.0359707,234.0818033
2014,38,NW,0,0,0,0,0,0,0,0,0,0,4,4,0,2,0,0,4,177.1819117,0,0,0,1,0,0,0,0,0,1,0,0,0,0,1,0,0,2,4,134.5427468,189.9234337
2014,39,NW,0,0,0,0,0,0,0,0,0,0,4,4,0,2,0,0,4,177.1819117,0,0,0,1,0,0,0,0,0,1,0,0,0,0,1,0,0,2,4,131.4364178,189.9234337
2014,41,NW,0,0,0.02,0.02,0,0,1,1,0.01,1,3,3,2,5,0,0,3,170.8254332,0,0,0,1,0,0,0,0,0,1,0,0,0,0,1,0,0,2,4,143.9102302,210.8212167
2014,42,NW,0,0,0,0,0,0,0,0,0,0,4,0,0,1,0,0,6,174.7249677,0,0,0,1,0,0,0,0,0,1,0,0,0,0,1,0,0,2,4,130.0789159,215.6729762
2014,43,NW,0,0,0,0,0,0,0,0,0,0,3,3,0,3,0,0,4,168.3684892,0,0,0,1,0,0,0,0,0,1,0,0,0,0,1,0,0,2,4,122.3385317,219.4093647
2014,44,NW,0,0,0,0,0,0,0,0,0,0,3,3,0,2,0,0,4,168.3684892,0,0,0,1,0,0,0,0,0,1,0,0,0,0,1,0,0,2,4,143.6180986,161.5830101
2014,45,NW,0,0,0,0,0,0,0,0,0,0,1,1,0,2,0,0,4,177.1819117,0,0,0,1,0,0,0,0,0,1,0,0,0,0,1,0,0,2,4,125.5490192,179.862321
2014,46,NE,0,0,0,0.01,0,0,0,1,0.0025,1,2,2,2,4,0,0,12,249.1928613,0,0,0,0,1,0,0,0,0,1,0,0,0,1,0,0,0,1,5,153.0331324,194.3211777
2014,47,NE,0,0,0,0,0,0,0,0,0,0,1,1,0,1,0,0,9,94.34623706,0,0,0,0,1,0,0,0,0,1,0,0,0,1,0,0,0,1,5,132.8678906,73.08616305
2014,48,NE,0,0,0,0,0,0,0,0,0,0,3,3,0,5,0,0,2,22.79199945,0,0,0,0,1,0,0,0,0,1,0,0,0,1,0,0,0,1,5,134.3181855,175.123168
2014,49,NE,0,0,0,0,0,0,0,0,0,0,0,0,0,1,0,0,9,94.34623706,0,0,0,0,1,0,0,0,0,1,0,0,0,1,0,0,0,1,5,126.4686913,64.90093636
2014,50,NE,0,0,0,0,0,0,0,0,0,0,1,1,0,1,0,0,4,43.99487929,0,0,0,0,1,0,0,0,0,1,0,0,0,1,0,0,0,1,5,126.6781872,73.08616305
2014,51,NE,0,0,0.01,0,0,0,1,0,0.0025,1,1,1,2,3,0,0,4,43.99487929,0,0,0,0,1,0,0,0,0,1,0,0,0,1,0,0,0,1,5,121.9750785,159.1433285
2014,52,NE,0,0,0.14,0.16,0,0,1,1,0.075,1,4,0,2,4,0,0,9,172.6322107,0,0,0,0,1,0,0,0,0,1,0,0,0,1,0,0,0,1,5,141.8711205,127.8243178
2014,53,NE,0,0,0.08,0.25,0,0,1,1,0.0825,1,4,0,2,2,0,0,9,172.6322107,0,0,0,0,1,0,0,0,0,1,0,0,0,1,0,0,0,1,5,115.5702082,63.06348065
2014,54,NE,0,0,0.07,0.4,0,0,1,1,0.1175,1,4,0,2,1,0,0,9,226.4008618,0,0,0,0,1,0,0,0,0,1,0,0,0,1,0,0,0,1,5,113.2020342,61.28626467
2014,55,NE,0,0,0.1,0,0,0,1,0,0.025,1,4,0,2,4,0,0,9,154.6075701,0,0,0,0,1,0,0,0,0,1,0,0,0,1,0,0,0,1,5,120.5318625,127.8243178
2014,56,NW,0,0,0,0.43,0,0,0,1,0.1075,1,5,0,2,2,0,0,8,588.6236279,0,0,0,0,0,1,0,0,0,1,0,0,0,0,1,0,0,2,6,131.5209885,209.3006217
2014,57,NW,0,0,0,0.01,0,0,0,1,0.0025,1,4,0,2,2,0,0,8,588.6236279,0,0,0,0,0,1,0,0,0,1,0,0,0,0,1,0,0,2,6,132.3704878,209.3006217
2014,58,NW,0,0,0,0.19,0,0,0,1,0.0475,1,4,4,2,3,0,0,8,588.6236279,0,0,0,0,0,1,0,0,0,1,0,0,0,0,1,0,0,2,6,141.7529513,251.8347387
2014,59,NW,0,0,0.03,0.43,0,0,1,1,0.115,1,4,0,2,2,0,0,8,588.6236279,0,0,0,0,0,1,0,0,0,1,0,0,0,0,1,0,0,2,6,135.6164683,209.3006217
2014,60,NW,0,0,0,0.02,0,0,0,1,0.005,1,3,3,2,1,0,0,6,390.5186827,0,0,0,0,0,1,0,0,0,1,0,0,0,0,1,0,0,2,6,133.1245453,167.2574717
2014,61,NW,0,0,0.06,0.18,0,0,1,1,0.06,1,4,0,2,2,0,0,8,360.1029869,0,0,0,0,0,1,0,0,0,1,0,0,0,0,1,0,0,2,6,102.522981,53.50951703
2014,62,NW,0,0,0,0,0,0,0,0,0,0,1,1,0,3,0,0,4,205.3100205,0,0,0,0,0,1,0,0,0,1,0,0,0,0,1,0,0,2,6,126.6225172,231.393233
2014,63,NW,0,0,0.02,0.01,0,0,1,1,0.0075,1,4,0,2,2,0,0,8,353.7465084,0,0,0,0,0,1,0,0,0,1,0,0,0,0,1,0,0,2,6,126.9516388,209.3006217
2014,64,NW,0,0,0,0,0,0,0,0,0,0,3,3,0,1,0,0,6,390.5186827,0,0,0,0,0,1,0,0,0,1,0,0,0,0,1,0,0,2,6,107.2400729,160.3902384
2014,65,NW,0,0,0,0,0,0,0,0,0,0,3,3,0,2,0,0,4,205.3100205,0,0,0,0,0,1,0,0,0,1,0,0,0,0,1,0,0,2,6,129.8481782,159.5685937
2014,66,NW,0,0,0,0,0,0,0,0,0,0,1,1,0,3,0,0,4,352.2182979,0,0,0,0,0,1,0,0,0,1,0,0,0,0,1,0,0,2,6,133.5676007,231.393233
2014,67,SE,0,0,0,0.01,0,0,0,1,0.0025,1,4,4,2,1,0,0,10,615.672063,0,0,0,0,0,0,1,0,0,1,0,0,0,0,0,0,1,4,7,128.6707746,266.7096224
2014,68,SE,0,0,0,0,0,0,0,0,0,0,2,2,0,1,0,0,9,611.7720583,0,0,0,0,0,0,1,0,0,1,0,0,0,0,0,0,1,4,7,134.1472937,231.2276699
2014,69,SE,0,0,0,0.02,0,0,0,1,0.005,1,1,1,2,2,0,0,9,611.7720583,0,0,0,0,0,0,1,0,0,1,0,0,0,0,0,0,1,4,7,150.4802063,242.9682254
2014,70,SE,0,0,0,0,0,0,0,0,0,0,0,0,0,1,0,0,7,231.1559311,0,0,0,0,0,0,1,0,0,1,0,0,0,0,0,0,1,4,7,153.9906088,228.389224
2014,71,SE,0,0,0.01,0.02,0,0,1,1,0.0075,1,1,1,1,3,0,0,11,707.7860817,0,0,0,0,0,0,1,0,0,1,0,0,0,0,0,0,1,4,7,136.7476768,295.2613123
2014,72,SE,0,0,0.05,0.041237113,0,0,1,1,0.022809278,1,3,3,1,2,0,0,7,410.0667605,0,0,0,0,0,0,1,0,0,1,0,0,0,0,0,0,1,4,7,132.5346665,214.0100548
2014,73,SE,0,0,0.01,0,0,0,1,0,0.0025,1,3,3,1,1,0,0,10,556.4118187,0,0,0,0,0,0,1,0,0,1,0,0,0,0,0,0,1,4,7,116.8863929,210.5882578
2014,74,SE,0,0,0,0.01,0,0,0,1,0.0025,1,3,3,1,2,0,0,5,484.7595319,0,0,0,0,0,0,1,0,0,1,0,0,0,0,0,0,1,4,7,142.0902183,214.0100548
2014,75,SE,0,0,0.04,0.03,0,0,1,1,0.0175,1,3,3,1,1,0,0,10,841.2732996,0,0,0,0,0,0,1,0,0,1,0,0,0,0,0,0,1,4,7,155.6782967,210.5882578
2014,76,SE,0,0,0,0.01,0,0,0,1,0.0025,1,1,1,1,1,0,0,11,428.0914011,0,0,0,0,0,0,1,0,0,1,0,0,0,0,0,0,1,4,7,131.8886383,229.6667089
2014,77,SE,0,0,0,0,0,0,0,0,0,0,1,1,0,3,0,0,11,403.710282,0,0,0,0,0,0,1,0,0,1,0,0,0,0,0,0,1,4,7,140.0085402,295.2613123
2014,78,SE,0,0,0.02,0.05,0,0,1,1,0.0175,1,3,3,2,1,0,0,10,653.3501499,0,0,0,0,0,0,1,0,0,1,0,0,0,0,0,0,1,4,7,153.0428078,220.2724278
2014,79,SE,0,0,0,0.05,0,0,0,1,0.0125,1,3,3,2,2,0,0,10,706.076121,0,0,0,0,0,0,1,0,0,1,0,0,0,0,0,0,1,4,7,145.0115281,223.420739
2014,81,SE,0,0,0.03,0.02,0,0,1,1,0.0125,1,3,3,1,2,0,0,7,425.4355593,0,0,0,0,0,0,1,0,0,1,0,0,0,0,0,0,1,4,7,114.5990165,214.0100548
2014,82,SE,0,0,0,0.04,0,0,0,1,0.01,1,3,3,0,5,0,0,3,156.7425463,0,0,0,0,0,0,1,0,0,1,0,0,0,0,0,0,1,4,7,154.3333122,249.1920102
2014,83,SE,0,0,0.05,0.06,0,0,1,1,0.0275,1,3,3,1,2,0,0,7,403.710282,0,0,0,0,0,0,1,0,0,1,0,0,0,0,0,0,1,4,7,130.7590916,214.0100548
2014,84,SE,0,0,0.03,0,0,0,1,0,0.0075,1,4,0,2,2,0,0,10,563.0729215,0,0,0,0,0,0,1,0,0,1,0,0,0,0,0,0,1,4,7,128.8347861,287.8679562
2014,85,SE,0,0,0,0,0,0,0,0,0,0,0,0,0,1,0,0,7,227.9776919,0,0,0,0,0,0,1,0,0,1,0,0,0,0,0,0,1,4,7,121.8840005,228.389224
2014,86,SE,0,0,0.01,0.03,0,0,1,1,0.01,1,3,3,1,3,0,0,3,406.8885213,0,0,0,0,0,0,1,0,0,1,0,0,0,0,0,0,1,4,7,133.0387014,278.0164372
2014,87,SE,0,0,0.01,0,0,0,1,0,0.0025,1,1,1,2,4,0,0,5,307.0928654,0,0,0,0,0,0,1,0,0,1,0,0,0,0,0,0,1,4,7,152.9270091,306.5544019
2014,88,SE,0,0.04,0.13,0.16,0,1,1,1,0.0825,1,3,3,1,2,0.005,1,7,410.0667605,0,0,0,0,0,0,1,0,0,1,0,0,0,0,0,0,1,4,7,155.1764563,226.5773157
2014,89,SE,0,0,0,0.01,0,0,0,1,0.0025,1,3,3,1,1,0,0,10,644.3378296,0,0,0,0,0,0,1,0,0,1,0,0,0,0,0,0,1,4,7,131.0215488,210.5882578
2014,90,SE,0,0,0,0,0,0,0,0,0,0,1,1,0,1,0,0,9,747.3117247,0,0,0,0,0,0,1,0,0,1,0,0,0,0,0,0,1,4,7,128.2553234,229.6667089
2014,91,SW,0,0,0,0.02,0,0,0,1,0.005,1,3,3,1,3,0,0,7,500.8500962,0,0,0,0,0,0,1,0,0,1,0,0,0,0,0,1,0,3,7,129.9481619,256.6156028
2014,92,SW,0,0,0,0,0,0,0,0,0,0,4,4,0,4,0,0,10,406.8885213,0,0,0,0,0,0,1,0,0,1,0,0,0,0,0,1,0,3,7,170.2451838,275.9758641
2014,93,SW,0,0,0,0,0,0,0,0,0,0,0,0,0,1,0,0,7,218.9653716,0,0,0,0,0,0,1,0,0,1,0,0,0,0,0,1,0,3,7,121.3861132,202.670734
2014,95,NE,0,0,0.28,0.05,0,0,1,1,0.0825,1,5,0,2,4,0,0,9,393.2230045,0,0,0,0,0,0,0,0,1,1,0,0,0,1,0,0,0,1,10,124.1664349,133.3681431
2014,96,NE,0,0,1,0.3,0,0,1,1,0.325,1,4,0,2,3,0,0,8,404.8911666,0,0,0,0,0,0,0,0,1,1,0,0,0,1,0,0,0,1,10,115.8259365,-83.64198627
2014,97,NW,0,0,0,0,0,0,0,0,0,0,1,1,0,4,0,0,9,264.9944838,0,0,0,0,0,0,0,0,1,1,0,0,0,0,1,0,0,2,10,144.72286,267.212456
2014,98,NW,0,0.01,0.02,0.06,0,1,1,1,0.0225,1,3,3,2,3,0.0025,1,10,405.8100852,0,0,0,0,0,0,0,0,1,1,0,0,0,0,1,0,0,2,10,91.76724349,80.19779047
2014,99,NW,0,0,0.01,0.06,0,0,1,1,0.0175,1,3,3,2,4,0,0,9,261.8162446,0,0,0,0,0,0,0,0,1,1,0,0,0,0,1,0,0,2,10,131.8919291,259.7416504
2014,100,NW,0,0,0.4,0.12,0,0,1,1,0.13,1,4,0,2,1,0,0,8,588.5002855,0,0,0,0,0,0,0,0,1,1,0,0,0,0,1,0,0,2,10,94.00711544,-58.66446576
2014,101,NW,0,0,0.75,0.36,0,0,1,1,0.2775,1,4,0,2,4,0,0,8,740.5787644,0,0,0,0,0,0,0,0,1,1,0,0,0,0,1,0,0,2,10,111.7292444,-18.07907657
2014,102,NW,0,0,0.49,0.48,0,0,1,1,0.2425,1,4,0,2,3,0,0,8,740.5787644,0,0,0,0,0,0,0,0,1,1,0,0,0,0,1,0,0,2,10,117.5199112,-37.64201174
2014,103,NW,0,0,0.01,0,0,0,1,0,0.0025,1,4,4,2,4,0,0,12,570.4756449,0,0,0,0,0,0,0,0,1,1,0,0,0,0,1,0,0,2,10,137.6026469,268.1754457
2014,104,NW,0,0,0.89,0.22,0,0,1,1,0.2775,1,4,0,2,3,0,0,8,570.4756449,0,0,0,0,0,0,0,0,1,1,0,0,0,0,1,0,0,2,10,96.80019719,-37.64201174
2014,105,NW,0,0.01,0.09,0.1,0,1,1,1,0.05,1,3,3,2,5,0,0,8,200.4894405,0,0,0,0,0,0,0,0,1,1,0,0,0,0,1,0,0,2,10,166.797325,133.8674522
2014,106,NW,0,0.03,0.3,0.44,0,1,1,1,0.1925,1,5,0,2,5,0,0,9,393.2230045,0,0,0,0,0,0,0,0,1,1,0,0,0,0,1,0,0,2,10,155.7794313,-4.07739755
2014,107,NW,0.01,0,0.08,0.07,1,0,1,1,0.04,1,3,3,2,5,0,0,8,498.6409669,0,0,0,0,0,0,0,0,1,1,0,0,0,0,1,0,0,2,10,119.829724,74.34243502
2014,108,NW,0.08,0.2,1,0.89,1,1,1,1,0.5425,1,4,0,2,2,0.025,1,8,1014.380015,0,0,0,0,0,0,0,0,1,1,0,0,0,0,1,0,0,2,10,158.0861208,-63.76373522
2015,1,SW,0,0,0,0,0,0,0,0,0,0,1,1,0,5,0,0,5,500.424066,1,0,0,0,0,0,0,0,0,0,1,0,0,0,0,1,0,3,1,145.3017344,361.1884742
2015,2,SW,0,0,0,0,0,0,0,0,0,0,4,4,0,5,0,0,5,500.424066,1,0,0,0,0,0,0,0,0,0,1,0,0,0,0,1,0,3,1,138.1283676,334.5028175
2015,3,SW,0,0,0,0,0,0,0,0,0,0,4,4,0,5,0,0,5,500.424066,1,0,0,0,0,0,0,0,0,0,1,0,0,0,0,1,0,3,1,148.0706972,334.5028175
2015,4,SW,0,0,0,0,0,0,0,0,0,0,2,2,0,5,0,0,5,500.424066,1,0,0,0,0,0,0,0,0,0,1,0,0,0,0,1,0,3,1,161.5106983,362.6745389
2015,5,SE,0,0,0.01,0,0,0,1,0,0.0025,1,1,1,0,4,0,0,5,500.424066,1,0,0,0,0,0,0,0,0,0,1,0,0,0,0,0,1,4,1,179.4311424,417.2753089
2015,6,SW,0,0,0,0,0,0,0,0,0,0,1,1,0,5,0,0,5,500.424066,1,0,0,0,0,0,0,0,0,0,1,0,0,0,0,1,0,3,1,145.2930574,361.1884742
2015,7,SW,0,0,0,0,0,0,0,0,0,0,4,4,0,5,0,0,5,500.424066,1,0,0,0,0,0,0,0,0,0,1,0,0,0,0,1,0,3,1,145.9375905,334.5028175
2015,8,SE,0,0.005,0.24,0.03,0,1,1,1,0.06875,1,1,1,1,5,0.00125,1,5,500.424066,1,0,0,0,0,0,0,0,0,0,1,0,0,0,0,0,1,4,1,148.8753838,196.1126348
2015,9,NE,0,0.01,0.6,0,0,1,1,0,0.1525,1,2,2,1,4,0.0025,1,5,500.424066,1,0,0,0,0,0,0,0,0,0,1,0,0,1,0,0,0,1,1,143.7275998,96.17433465
2015,10,SE,0,0,0.08,0.08,0,0,1,1,0.04,1,2,2,1,5,0,0,5,500.424066,1,0,0,0,0,0,0,0,0,0,1,0,0,0,0,0,1,4,1,152.9724092,382.4778313
2015,11,NE,0.005,0,0.15,0,1,0,1,0,0.03875,1,4,4,1,5,0,0,5,500.424066,1,0,0,0,0,0,0,0,0,0,1,0,0,1,0,0,0,1,1,139.696133,270.6281412
2015,12,NE,0,0,0.03,0,0,0,1,0,0.0075,1,3,3,0,4,0,0,5,500.424066,1,0,0,0,0,0,0,0,0,0,1,0,0,1,0,0,0,1,1,157.4893464,261.1489216
2015,13,SE,0,0,0.35,0.09,0,0,1,1,0.11,1,3,3,0,3,0,0,5,500.424066,1,0,0,0,0,0,0,0,0,0,1,0,0,0,0,0,1,4,1,147.2328851,13.21420228
2015,14,SW,0,0,0,0,0,0,0,0,0,0,1,1,0,5,0,0,5,500.424066,1,0,0,0,0,0,0,0,0,0,1,0,0,0,0,1,0,3,1,154.3470163,361.1884742
2015,15,SW,0,0,0,0,0,0,0,0,0,0,4,4,0,5,0,0,5,500.424066,1,0,0,0,0,0,0,0,0,0,1,0,0,0,0,1,0,3,1,158.104984,334.5028175
2015,16,SE,0,0,0,0,0,0,0,0,0,0,1,1,0,5,0,0,5,500.424066,1,0,0,0,0,0,0,0,0,0,1,0,0,0,0,0,1,4,1,165.5273424,385.0170795
2015,17,SE,0,0,0,0,0,0,0,0,0,0,1,1,0,5,0,0,5,500.424066,1,0,0,0,0,0,0,0,0,0,1,0,0,0,0,0,1,4,1,149.7686715,385.0170795
2015,18,SE,0,0,0,0,0,0,0,0,0,0,4,4,0,5,0,0,5,500.424066,1,0,0,0,0,0,0,0,0,0,1,0,0,0,0,0,1,4,1,138.0088636,347.795266
2015,19,SE,0,0,0,0,0,0,0,0,0,0,3,3,0,5,0,0,5,500.424066,1,0,0,0,0,0,0,0,0,0,1,0,0,0,0,0,1,4,1,146.625377,351.3208743
2015,20,SW,0,0,0,0,0,0,0,0,0,0,3,3,0,5,0,0,5,500.424066,1,0,0,0,0,0,0,0,0,0,1,0,0,0,0,1,0,3,1,173.1095835,332.4827841
2015,22,NE,0,0,0.03,0.8,0,0,1,1,0.2075,1,4,4,0,4,0,0,10,539.9247255,0,1,0,0,0,0,0,0,0,0,1,0,0,1,0,0,0,1,2,142.1710569,200.6889378
2015,23,NE,0,0,0.03,0.11,0,0,1,1,0.035,1,2,0,2,5,0,0,8,599.2147682,0,1,0,0,0,0,0,0,0,0,1,0,0,1,0,0,0,1,2,165.7317623,137.0180355
2015,24,SE,0,0,0,0.01,0,0,0,1,0.0025,1,4,0,2,3,0,0,5,342.3716547,0,1,0,0,0,0,0,0,0,0,1,0,0,0,0,0,1,4,2,131.4130133,85.81415808
2015,25,SE,0,0,0.02,0,0,0,1,0,0.005,1,4,0,2,2,0,0,5,342.3716547,0,1,0,0,0,0,0,0,0,0,1,0,0,0,0,0,1,4,2,141.052109,444.9537692
2015,26,SE,0,0,0,0,0,0,0,0,0,0,1,1,0,3,0,0,5,184.095108,0,1,0,0,0,0,0,0,0,0,1,0,0,0,0,0,1,4,2,151.6612201,474.5881097
2015,27,NE,0,0,0.33,0.02,0,0,1,1,0.0875,1,3,3,0,4,0,0,3,179.6358646,0,1,0,0,0,0,0,0,0,0,1,0,0,1,0,0,0,1,2,128.1007421,-17.82671684
2015,28,NE,0.005,0,0.37,1,1,0,1,1,0.34375,1,5,0,2,5,0.00875,1,6,570.307844,0,1,0,0,0,0,0,0,0,0,1,0,0,1,0,0,0,1,2,110.2976742,176.7099894
2015,29,NE,0,0,0.98,0.59,0,0,1,1,0.3925,1,4,0,2,2,0,0,5,612.7690768,0,1,0,0,0,0,0,0,0,0,1,0,0,1,0,0,0,1,2,111.7321348,-9.279640406
2015,30,NE,0,0,0.3,0.9,0,0,1,1,0.3,1,4,4,0,4,0,0,10,414.8277383,0,1,0,0,0,0,0,0,0,0,1,0,0,1,0,0,0,1,2,134.2828781,91.10508314
2015,31,NE,0,0,0.22,1,0,0,1,1,0.305,1,3,3,0,5,0,0,3,414.8277383,0,1,0,0,0,0,0,0,0,0,1,0,0,1,0,0,0,1,2,114.3878999,-102.0502785
2015,32,NE,0,0,0.17,0.03,0,0,1,1,0.05,1,4,4,0,4,0,0,10,414.8277383,0,1,0,0,0,0,0,0,0,0,1,0,0,1,0,0,0,1,2,154.5192412,315.5193791
2015,33,SW,0,0,0,0,0,0,0,0,0,0,3,3,0,5,0,0,4,254.7508503,0,0,1,0,0,0,0,0,0,0,1,0,0,0,0,1,0,3,3,141.8372552,336.519239
2015,34,SW,0,0,0,0,0,0,0,0,0,0,3,3,0,5,0,0,5,272.7754909,0,0,1,0,0,0,0,0,0,0,1,0,0,0,0,1,0,3,3,141.5609875,336.519239
2015,35,SW,0,0,0,0.01,0,0,0,1,0.0025,1,1,1,0,5,0,0,5,272.7754909,0,0,1,0,0,0,0,0,0,0,1,0,0,0,0,1,0,3,3,165.387921,366.537374
2015,36,SW,0,0,0,0,0,0,0,0,0,0,3,3,0,5,0,0,5,272.7754909,0,0,1,0,0,0,0,0,0,0,1,0,0,0,0,1,0,3,3,137.7990336,336.519239
2015,37,NW,0,0,0,0,0,0,0,0,0,0,4,0,0,2,0,0,4,182.5706301,0,0,0,1,0,0,0,0,0,0,1,0,0,0,1,0,0,2,4,135.666823,372.6030335
2015,38,NW,0,0,0,0,0,0,0,0,0,0,4,0,0,1,0,0,4,182.5706301,0,0,0,1,0,0,0,0,0,0,1,0,0,0,1,0,0,2,4,123.9175444,373.3835823
2015,39,NW,0,0,0,0,0,0,0,0,0,0,3,3,0,1,0,0,3,126.5299553,0,0,0,1,0,0,0,0,0,0,1,0,0,0,1,0,0,2,4,118.3928397,312.7912269
2015,40,NW,0,0,0,0,0,0,0,0,0,0,4,4,0,1,0,0,4,141.4533914,0,0,0,1,0,0,0,0,0,0,1,0,0,0,1,0,0,2,4,145.5079066,325.7277984
2015,41,NW,0,0,0,0,0,0,0,0,0,0,4,4,0,1,0,0,4,120.8947721,0,0,0,1,0,0,0,0,0,0,1,0,0,0,1,0,0,2,4,130.2119005,325.7277984
2015,42,NW,0,0,0,0,0,0,0,0,0,0,2,0,0,1,0,0,4,120.8947721,0,0,0,1,0,0,0,0,0,0,1,0,0,0,1,0,0,2,4,129.2294531,344.9868903
2015,43,NW,0,0,0.01,0,0,0,1,0,0.0025,1,3,3,1,3,0,0,5,185.5205038,0,0,0,1,0,0,0,0,0,0,1,0,0,0,1,0,0,2,4,134.0045282,377.0981073
2015,44,NW,0,0,0,0,0,0,0,0,0,0,4,0,0,2,0,0,4,182.5706301,0,0,0,1,0,0,0,0,0,0,1,0,0,0,1,0,0,2,4,132.1126688,372.6030335
2015,45,NW,0,0,0,0,0,0,0,0,0,0,3,3,0,1,0,0,3,126.5299553,0,0,0,1,0,0,0,0,0,0,1,0,0,0,1,0,0,2,4,129.2016757,312.7912269
2015,46,NW,0,0,0,0,0,0,0,0,0,0,3,3,0,1,0,0,3,126.5299553,0,0,0,1,0,0,0,0,0,0,1,0,0,0,1,0,0,2,4,143.3093677,312.7912269
2015,47,NW,0,0,0,0,0,0,0,0,0,0,0,0,0,1,0,0,3,117.7165328,0,0,0,1,0,0,0,0,0,0,1,0,0,0,1,0,0,2,4,129.6210564,343.9512719
2015,49,NE,0,0,0,0,0,0,0,0,0,0,1,1,0,4,0,0,4,137.1272543,0,0,0,0,1,0,0,0,0,0,1,0,0,1,0,0,0,1,5,159.2269157,265.4807758
2015,50,NE,0,0,0,0,0,0,0,0,0,0,1,1,0,4,0,0,4,137.1272543,0,0,0,0,1,0,0,0,0,0,1,0,0,1,0,0,0,1,5,144.3335575,265.4807758
2015,51,NE,0,0,0,0,0,0,0,0,0,0,3,3,0,3,0,0,4,137.1272543,0,0,0,0,1,0,0,0,0,0,1,0,0,1,0,0,0,1,5,149.0163168,290.5090626
2015,52,NE,0,0,0,0,0,0,0,0,0,0,0,0,0,4,0,0,2,36.04928117,0,0,0,0,1,0,0,0,0,0,1,0,0,1,0,0,0,1,5,156.5217088,265.2309604
2015,55,NE,0,0,0.01,0,0,0,1,0,0.0025,1,4,0,2,3,0,0,8,388.79704,0,0,0,0,1,0,0,0,0,0,1,0,0,1,0,0,0,1,5,154.6345203,326.7453317
2015,56,NE,0,0,0.01,0.02,0,0,1,1,0.0075,1,4,0,2,3,0,0,8,405.6789438,0,0,0,0,1,0,0,0,0,0,1,0,0,1,0,0,0,1,5,150.3807727,326.7453317
2015,57,NE,0,0,0.61,0.02,0,0,1,1,0.1575,1,4,0,2,2,0,0,8,520.0141986,0,0,0,0,1,0,0,0,0,0,1,0,0,1,0,0,0,1,5,115.3623513,23.17557745
2015,58,NE,0,0,0.71,0.09,0,0,1,1,0.2,1,4,0,2,3,0,0,8,405.6789438,0,0,0,0,1,0,0,0,0,0,1,0,0,1,0,0,0,1,5,150.8656403,165.2851493
2015,59,NE,0,0,0,0.01,0,0,0,1,0.0025,1,3,3,2,5,0,0,5,155.1518949,0,0,0,0,1,0,0,0,0,0,1,0,0,1,0,0,0,1,5,140.8867286,263.5909387
2015,60,NW,0,0,0.16,0.11,0,0,1,1,0.0675,1,5,0,2,2,0,0,4,241.8024216,0,0,0,0,0,1,0,0,0,0,1,0,0,0,1,0,0,2,6,123.3541031,363.520138
2015,61,NW,0,0,0,0,0,0,0,0,0,0,4,0,0,2,0,0,4,241.8024216,0,0,0,0,0,1,0,0,0,0,1,0,0,0,1,0,0,2,6,125.0291728,372.7620279
2015,62,NW,0,0,0.24,0.04,0,0,1,1,0.07,1,4,4,2,1,0,0,4,241.8024216,0,0,0,0,0,1,0,0,0,0,1,0,0,0,1,0,0,2,6,140.7474167,317.9847019
2015,63,NW,0,0,0,0.01,0,0,0,1,0.0025,1,4,0,2,1,0,0,4,241.8024216,0,0,0,0,0,1,0,0,0,0,1,0,0,0,1,0,0,2,6,125.592856,364.234774
2015,64,NW,0,0,0,0,0,0,0,0,0,0,3,3,0,2,0,0,4,261.6240067,0,0,0,0,0,1,0,0,0,0,1,0,0,0,1,0,0,2,6,123.614064,321.2069229
2015,65,NW,0,0,0,0.01,0,0,0,1,0.0025,1,4,0,2,1,0,0,4,261.6240067,0,0,0,0,0,1,0,0,0,0,1,0,0,0,1,0,0,2,6,126.7583331,364.234774
2015,66,NW,0,0,0.01,0.01,0,0,1,1,0.005,1,1,1,0,2,0,0,2,87.00945517,0,0,0,0,0,1,0,0,0,0,1,0,0,0,1,0,0,2,6,140.7260305,344.9240084
2015,67,NW,0,0,0,0,0,0,0,0,0,0,4,0,0,2,0,0,4,261.6240067,0,0,0,0,0,1,0,0,0,0,1,0,0,0,1,0,0,2,6,146.0823102,372.7620279
2015,68,NW,0,0,0,0,0,0,0,0,0,0,3,3,0,2,0,0,4,87.00945517,0,0,0,0,0,1,0,0,0,0,1,0,0,0,1,0,0,2,6,129.9435787,321.2069229
2015,69,NW,0,0,0,0,0,0,0,0,0,0,3,3,0,2,0,0,4,241.8024216,0,0,0,0,0,1,0,0,0,0,1,0,0,0,1,0,0,2,6,126.6467228,321.2069229
2015,70,NW,0,0,0,0,0,0,0,0,0,0,1,1,0,3,0,0,2,147.8408467,0,0,0,0,0,1,0,0,0,0,1,0,0,0,1,0,0,2,6,144.7976906,396.2439906
2015,71,SE,0,0,0,0,0,0,0,0,0,0,4,4,0,5,0,0,3,119.1967926,0,0,0,0,0,0,1,0,0,0,1,0,0,0,0,0,1,4,7,147.3468552,350.4490998
2015,72,SE,0,0,0,0,0,0,0,0,0,0,2,2,0,5,0,0,4,213.1583674,0,0,0,0,0,0,1,0,0,0,1,0,0,0,0,0,1,4,7,141.9986663,385.6094505
2015,73,SE,0,0,0,0,0,0,0,0,0,0,1,1,0,5,0,0,4,213.1583674,0,0,0,0,0,0,1,0,0,0,1,0,0,0,0,0,1,4,7,158.6553508,388.0577882
2015,74,SE,0,0,0,0,0,0,0,0,0,0,0,0,0,5,0,0,3,119.1967926,0,0,0,0,0,0,1,0,0,0,1,0,0,0,0,0,1,4,7,163.814252,394.6378511
2015,75,SE,0,0,0,0,0,0,0,0,0,0,1,1,0,2,0,0,7,339.9061906,0,0,0,0,0,0,1,0,0,0,1,0,0,0,0,0,1,4,7,141.9137499,393.9481786
2015,76,SE,0,0,0,0,0,0,0,0,0,0,3,3,0,4,0,0,5,262.6953127,0,0,0,0,0,0,1,0,0,0,1,0,0,0,0,0,1,4,7,148.7426488,391.1057585
2015,77,SE,0,0,0,0,0,0,0,0,0,0,3,3,0,5,0,0,4,213.1583674,0,0,0,0,0,0,1,0,0,0,1,0,0,0,0,0,1,4,7,150.0691845,353.2357826
2015,78,SE,0,0,0,0,0,0,0,0,0,0,3,3,0,5,0,0,5,312.2322579,0,0,0,0,0,0,1,0,0,0,1,0,0,0,0,0,1,4,7,152.3451993,353.2357826
2015,79,SE,0,0,0,0,0,0,0,0,0,0,3,3,0,5,0,0,4,253.3512912,0,0,0,0,0,0,1,0,0,0,1,0,0,0,0,0,1,4,7,166.7275032,353.2357826
2015,80,SE,0,0,0,0,0,0,0,0,0,0,1,1,0,3,0,0,7,339.9061906,0,0,0,0,0,0,1,0,0,0,1,0,0,0,0,0,1,4,7,157.1034438,456.3667987
2015,81,SE,0,0,0,0,0,0,0,0,0,0,1,1,0,3,0,0,7,303.8569094,0,0,0,0,0,0,1,0,0,0,1,0,0,0,0,0,1,4,7,145.7253355,456.3667987
2015,82,SE,0,0,0,0,0,0,0,0,0,0,3,3,0,4,0,0,4,312.2322579,0,0,0,0,0,0,1,0,0,0,1,0,0,0,0,0,1,4,7,174.0699175,391.1057585
2015,83,SE,0,0,0,0,0,0,0,0,0,0,3,3,0,1,0,0,4,267.8076282,0,0,0,0,0,0,1,0,0,0,1,0,0,0,0,0,1,4,7,143.3384297,355.4923674
2015,84,SE,0,0,0,0,0,0,0,0,0,0,1,1,0,1,0,0,7,214.0389771,0,0,0,0,0,0,1,0,0,0,1,0,0,0,0,0,1,4,7,142.0727797,379.4945835
2015,85,SE,0,0,0,0,0,0,0,0,0,0,3,3,0,5,0,0,5,262.6953127,0,0,0,0,0,0,1,0,0,0,1,0,0,0,0,0,1,4,7,145.8357655,353.2357826
2015,86,SE,0,0,0,0,0,0,0,0,0,0,3,3,0,1,0,0,5,262.6953127,0,0,0,0,0,0,1,0,0,0,1,0,0,0,0,0,1,4,7,139.9799187,355.4923674
2015,87,SE,0,0,0,0,0,0,0,0,0,0,3,3,0,5,0,0,5,246.8041164,0,0,0,0,0,0,1,0,0,0,1,0,0,0,0,0,1,4,7,141.3922773,353.2357826
2015,88,SE,0,0,0,0,0,0,0,0,0,0,4,0,0,3,0,0,3,119.1967926,0,0,0,0,0,0,1,0,0,0,1,0,0,0,0,0,1,4,7,150.1578539,486.9715813
2015,89,SE,0,0,0,0,0,0,0,0,0,0,0,0,0,5,0,0,3,204.783019,0,0,0,0,0,0,1,0,0,0,1,0,0,0,0,0,1,4,7,179.2876917,394.6378511
2015,90,SE,0,0,0,0,0,0,0,0,0,0,3,3,0,4,0,0,5,168.7337378,0,0,0,0,0,0,1,0,0,0,1,0,0,0,0,0,1,4,7,152.3614054,391.1057585
2015,91,SE,0,0,0,0,0,0,0,0,0,0,1,1,0,4,0,0,3,119.1967926,0,0,0,0,0,0,1,0,0,0,1,0,0,0,0,0,1,4,7,153.500171,419.2802491
2015,92,SE,0,0,0,0,0,0,0,0,0,0,3,3,0,5,0,0,5,208.9266615,0,0,0,0,0,0,1,0,0,0,1,0,0,0,0,0,1,4,7,141.5778106,353.2357826
2015,93,SE,0,0,0,0,0,0,0,0,0,0,3,3,0,5,0,0,4,213.1583674,0,0,0,0,0,0,1,0,0,0,1,0,0,0,0,0,1,4,7,147.6339071,353.2357826
2015,94,SE,0,0,0,0,0,0,0,0,0,0,1,1,0,5,0,0,4,468.4258956,0,0,0,0,0,0,1,0,0,0,1,0,0,0,0,0,1,4,7,161.4012321,388.0577882
2015,95,SE,0,0,0,0,0,0,0,0,0,0,4,4,0,5,0,0,3,235.7199845,0,0,0,0,0,0,1,0,0,0,1,0,0,0,0,0,1,4,7,145.3043865,350.4490998
2015,96,SE,0,0,0,0,0,0,0,0,0,0,0,0,0,5,0,0,3,141.7584097,0,0,0,0,0,0,1,0,0,0,1,0,0,0,0,0,1,4,7,160.4198439,394.6378511
2015,97,SE,0,0,0,0,0,0,0,0,0,0,3,3,0,5,0,0,5,235.7199845,0,0,0,0,0,0,1,0,0,0,1,0,0,0,0,0,1,4,7,157.9819257,353.2357826
2015,98,SW,0,0,0,0,0,0,0,0,0,0,3,3,0,5,0,0,5,213.1583674,0,0,0,0,0,0,1,0,0,0,1,0,0,0,0,1,0,3,7,136.0095157,334.6311947
2015,99,SW,0,0,0,0,0,0,0,0,0,0,0,0,0,2,0,0,3,235.7199845,0,0,0,0,0,0,1,0,0,0,1,0,0,0,0,1,0,3,7,153.0430677,376.9778551
2015,100,SW,0,0,0,0,0,0,0,0,0,0,1,1,0,4,0,0,3,260.4453242,0,0,0,0,0,0,0,1,0,0,1,0,0,0,0,1,0,3,9,160.548983,397.7991365
2015,101,SW,0,0,0,0,0,0,0,0,0,0,4,4,0,5,0,0,5,378.0927651,0,0,0,0,0,0,0,1,0,0,1,0,0,0,0,1,0,3,9,129.8351493,332.4036347
2015,102,SW,0,0,0,0,0,0,0,0,0,0,3,3,0,5,0,0,1,96.31061423,0,0,0,0,0,0,0,1,0,0,1,0,0,0,0,1,0,3,9,132.7841299,336.519239
2015,103,SW,0,0,0,0,0,0,0,0,0,0,4,4,0,5,0,0,1,96.31061423,0,0,0,0,0,0,0,1,0,0,1,0,0,0,0,1,0,3,9,133.6007249,332.4036347
2015,104,SW,0,0,0,0,0,0,0,0,0,0,4,0,0,5,0,0,5,273.1582812,0,0,0,0,0,0,0,1,0,0,1,0,0,0,0,1,0,3,9,147.883511,375.8436586
2015,105,SW,0,0,0,0,0,0,0,0,0,0,4,4,0,5,0,0,3,449.3273953,0,0,0,0,0,0,0,1,0,0,1,0,0,0,0,1,0,3,9,147.8333089,332.4036347
2015,106,SW,0,0,0,0,0,0,0,0,0,0,2,0,0,5,0,0,1,96.31061423,0,0,0,0,0,0,0,1,0,0,1,0,0,0,0,1,0,3,9,171.5580925,379.9862829
2015,107,SW,0,0,0,0,0,0,0,0,0,0,1,1,0,5,0,0,1,96.31061423,0,0,0,0,0,0,0,1,0,0,1,0,0,0,0,1,0,3,9,144.3598391,366.537374
2015,108,SW,0,0,0,0,0,0,0,0,0,0,0,0,0,5,0,0,3,260.4453242,0,0,0,0,0,0,0,1,0,0,1,0,0,0,0,1,0,3,9,168.0410724,373.0283529
2015,109,SW,0,0,0,0,0,0,0,0,0,0,1,1,0,5,0,0,1,96.31061423,0,0,0,0,0,0,0,1,0,0,1,0,0,0,0,1,0,3,9,153.6086484,366.537374
2015,110,NW,0,0,0.1,0.12,0,0,1,1,0.055,1,2,2,0,4,0,0,9,648.257629,0,0,0,0,0,0,0,0,1,0,1,0,0,0,1,0,0,2,10,154.0781386,240.0381454
2015,111,NE,0,0,0.01,0.39,0,0,1,1,0.1,1,4,0,2,4,0,0,7,347.8656788,0,0,0,0,0,0,0,0,1,0,1,0,0,1,0,0,0,1,10,155.690504,320.9065414
2015,112,NW,0,0,0,0,0,0,0,0,0,0,1,1,0,3,0,0,7,347.8656788,0,0,0,0,0,0,0,0,1,0,1,0,0,0,1,0,0,2,10,132.8274327,396.3706113
2015,113,NW,0,0,0.01,0.11,0,0,1,1,0.03,1,3,3,0,2,0,0,6,311.8163976,0,0,0,0,0,0,0,0,1,0,1,0,0,0,1,0,0,2,10,134.2231364,333.7570917
2015,114,NW,0,0,0,0.01,0,0,0,1,0.0025,1,3,3,0,3,0,0,6,311.8163976,0,0,0,0,0,0,0,0,1,0,1,0,0,0,1,0,0,2,10,132.730916,379.6263746
2015,115,NW,0,0,0.13,0.46,0,0,1,1,0.1475,1,4,0,2,2,0,0,7,430.4232549,0,0,0,0,0,0,0,0,1,0,1,0,0,0,1,0,0,2,10,92.20388754,239.104742
2015,116,NW,0,0,0.27,0.82,0,0,1,1,0.2725,1,4,0,2,1,0,0,7,811.4980783,0,0,0,0,0,0,0,0,1,0,1,0,0,0,1,0,0,2,10,100.4402718,253.9601959
2015,117,NW,0,0.03,0.6,0.98,0,1,1,1,0.4025,1,4,0,2,3,0,0,7,766.2910731,0,0,0,0,0,0,0,0,1,0,1,0,0,0,1,0,0,2,10,178.8145575,67.31102112
2015,118,NW,0,0,0.02,0.02,0,0,1,1,0.01,1,4,4,0,2,0,0,6,311.8163976,0,0,0,0,0,0,0,0,1,0,1,0,0,0,1,0,0,2,10,144.1096036,347.3600139
2015,119,NW,0,0.01,0.37,0.47,0,1,1,1,0.2125,1,4,0,2,3,0,0,7,813.8471177,0,0,0,0,0,0,0,0,1,0,1,0,0,0,1,0,0,2,10,132.3685166,87.60987196
2015,120,NW,0,0,0,0,0,0,0,0,0,0,3,3,0,2,0,0,7,303.8576356,0,0,0,0,0,0,0,0,1,0,1,0,0,0,1,0,0,2,10,138.8578704,333.7570917
2015,121,NW,0,0,0,0,0,0,0,0,0,0,3,3,0,1,0,0,7,311.8163976,0,0,0,0,0,0,0,0,1,0,1,0,0,0,1,0,0,2,10,114.9083434,323.7668786
2015,122,NW,0,0,0.12,0.19,0,0,1,1,0.0775,1,4,0,2,1,0,0,7,525.77829,0,0,0,0,0,0,0,0,1,0,1,0,0,0,1,0,0,2,10,116.7318738,210.1312374
2016,1,SW,0,0,0,0,0,0,0,0,0,0,1,1,0,5,0,0,3,309.0361793,1,0,0,0,0,0,0,0,0,0,0,1,0,0,0,1,0,3,1,145.0874704,338.4583312
2016,2,SW,0,0,0,0,0,0,0,0,0,0,4,4,0,4,0,0,3,309.0361793,1,0,0,0,0,0,0,0,0,0,0,1,0,0,0,1,0,3,1,132.9570738,339.215408
2016,3,SW,0,0,0,0,0,0,0,0,0,0,4,4,0,5,0,0,3,309.0361793,1,0,0,0,0,0,0,0,0,0,0,1,0,0,0,1,0,3,1,148.5278814,306.6444878
2016,4,SW,0,0,0,0,0,0,0,0,0,0,2,2,0,5,0,0,3,309.0361793,1,0,0,0,0,0,0,0,0,0,0,1,0,0,0,1,0,3,1,137.7727065,343.5155427
2016,5,SE,0,0,0,0,0,0,0,0,0,0,1,1,0,4,0,0,3,309.0361793,1,0,0,0,0,0,0,0,0,0,0,1,0,0,0,0,1,4,1,140.1452878,377.2253638
2016,6,SW,0,0,0,0,0,0,0,0,0,0,1,1,0,5,0,0,3,309.0361793,1,0,0,0,0,0,0,0,0,0,0,1,0,0,0,1,0,3,1,134.4327947,338.4583312
2016,7,SW,0,0,0,0,0,0,0,0,0,0,4,4,0,5,0,0,3,309.0361793,1,0,0,0,0,0,0,0,0,0,0,1,0,0,0,1,0,3,1,163.158776,306.6444878
2016,8,SE,0,0,0.08,0,0,0,1,0,0.02,1,1,1,1,5,0,0,3,309.0361793,1,0,0,0,0,0,0,0,0,0,0,1,0,0,0,0,1,4,1,157.4958571,362.1305003
2016,9,NE,0,0.0125,0.015,0,0,1,1,0,0.006875,1,2,2,1,5,0.000625,1,3,309.0361793,1,0,0,0,0,0,0,0,0,0,0,1,0,1,0,0,0,1,1,150.5219597,277.0817313
2016,10,SE,0,0,0.02,0,0,0,1,0,0.005,1,2,2,2,5,0,0,3,309.0361793,1,0,0,0,0,0,0,0,0,0,0,1,0,0,0,0,1,4,1,141.202299,364.749997
2016,11,NE,0,0,0.005,0.005,0,0,1,1,0.0025,1,4,4,1,5,0,0,3,309.0361793,1,0,0,0,0,0,0,0,0,0,0,1,0,1,0,0,0,1,1,151.6609059,245.0585743
2016,12,NE,0,0,0.09,0.115,0,0,1,1,0.05125,1,3,3,2,5,0,0,3,309.0361793,1,0,0,0,0,0,0,0,0,0,0,1,0,1,0,0,0,1,1,141.8847609,242.4352531
2016,13,SE,0,0,0,0,0,0,0,0,0,0,3,3,0,5,0,0,3,309.0361793,1,0,0,0,0,0,0,0,0,0,0,1,0,0,0,0,1,4,1,128.9304036,335.7030583
2016,14,SW,0,0,0,0,0,0,0,0,0,0,1,1,0,5,0,0,3,309.0361793,1,0,0,0,0,0,0,0,0,0,0,1,0,0,0,1,0,3,1,153.8863419,338.4583312
2016,15,SE,0,0,0,0,0,0,0,0,0,0,1,1,0,5,0,0,3,309.0361793,1,0,0,0,0,0,0,0,0,0,0,1,0,0,0,0,1,4,1,160.7498601,362.1305003
2016,16,SE,0,0,0,0,0,0,0,0,0,0,1,1,0,5,0,0,3,309.0361793,1,0,0,0,0,0,0,0,0,0,0,1,0,0,0,0,1,4,1,138.2062434,362.1305003
2016,17,SE,0,0,0.005,0.005,0,0,1,1,0.0025,1,4,4,1,5,0,0,3,309.0361793,1,0,0,0,0,0,0,0,0,0,0,1,0,0,0,0,1,4,1,145.1556273,323.6218977
2016,18,SE,0,0,0,0,0,0,0,0,0,0,3,3,0,5,0,0,3,309.0361793,1,0,0,0,0,0,0,0,0,0,0,1,0,0,0,0,1,4,1,148.4720581,335.7030583
2016,19,SW,0,0,0,0.005,0,0,0,1,0.00125,1,3,3,2,5,0,0,3,309.0361793,1,0,0,0,0,0,0,0,0,0,0,1,0,0,0,1,0,3,1,141.9896328,311.6082359
2016,20,NE,0,0,0,0,0,0,0,0,0,0,0,0,0,5,0,0,6,337.6080661,0,1,0,0,0,0,0,0,0,0,0,1,0,1,0,0,0,1,2,133.0501728,227.3109429
2016,21,NE,0,0,0.865,0.23,0,0,1,1,0.27375,1,4,4,2,5,0,0,9,589.4206539,0,1,0,0,0,0,0,0,0,0,0,1,0,1,0,0,0,1,2,123.6767554,-71.54209106
2016,22,NE,0,0,0,0,0,0,0,0,0,0,2,0,0,1,0,0,5,314.7590362,0,1,0,0,0,0,0,0,0,0,0,1,0,1,0,0,0,1,2,129.6143867,190.9091221
2016,23,SE,0,0,0.005,0.015,0,0,1,1,0.005,1,4,0,2,1,0,0,5,303.8193706,0,1,0,0,0,0,0,0,0,0,0,1,0,0,0,0,1,4,2,137.169756,373.7647618
2016,24,SE,0,0,0.01,0,0,0,1,0,0.0025,1,4,0,2,2,0,0,5,303.8193706,0,1,0,0,0,0,0,0,0,0,0,1,0,0,0,0,1,4,2,113.6520634,376.956315
2016,26,NE,0,0,0.01,0.005,0,0,1,1,0.00375,1,3,3,2,2,0,0,6,424.3362938,0,1,0,0,0,0,0,0,0,0,0,1,0,1,0,0,0,1,2,120.0846403,226.052085
2016,27,NE,0.02,0,0.335,0.235,1,0,1,1,0.1475,1,5,0,2,3,0.003125,1,12,1173.127141,0,1,0,0,0,0,0,0,0,0,0,1,0,1,0,0,0,1,2,221.937268,158.8249116
2016,28,NE,0.004842615,0,0.22,0.54,1,0,1,1,0.191210654,1,4,0,2,3,0.001210654,1,5,690.1811362,0,1,0,0,0,0,0,0,0,0,0,1,0,1,0,0,0,1,2,68.69391729,-58.78980878
2016,29,NE,0,0,0.03,0,0,0,1,0,0.0075,1,4,4,2,5,0,0,9,538.6891028,0,1,0,0,0,0,0,0,0,0,0,1,0,1,0,0,0,1,2,135.8696416,232.2778436
2016,30,NE,0,0,0.035,0.015,0,0,1,1,0.0125,1,3,3,2,5,0,0,6,335.7798038,0,1,0,0,0,0,0,0,0,0,0,1,0,1,0,0,0,1,2,142.886324,228.9060331
2016,31,NE,0,0,0,0.005,0,0,0,1,0.00125,1,4,4,2,4,0,0,9,481.1215503,0,1,0,0,0,0,0,0,0,0,0,1,0,1,0,0,0,1,2,141.7423028,287.7716028
2016,32,SW,0,0,0,0,0,0,0,0,0,0,3,3,0,5,0,0,8,395.2531122,0,0,1,0,0,0,0,0,0,0,0,1,0,0,0,1,0,3,3,136.6010482,303.5397616
2016,33,SW,0,0,0,0,0,0,0,0,0,0,3,3,0,5,0,0,7,368.2640811,0,0,1,0,0,0,0,0,0,0,0,1,0,0,0,1,0,3,3,130.7929725,303.5397616
2016,34,SW,0,0,0,0,0,0,0,0,0,0,1,1,0,5,0,0,8,395.2531122,0,0,1,0,0,0,0,0,0,0,0,1,0,0,0,1,0,3,3,137.4791417,329.6303819
2016,35,SW,0,0,0,0,0,0,0,0,0,0,3,3,0,5,0,0,7,368.2640811,0,0,1,0,0,0,0,0,0,0,0,1,0,0,0,1,0,3,3,150.7575256,303.5397616
2016,36,SW,0,0,0.01,0.035,0,0,1,1,0.01125,1,4,4,2,5,0,0,7,251.0779708,0,0,1,0,0,0,0,0,0,0,0,1,0,0,0,1,0,3,3,137.2349081,293.360197
2016,37,SW,0,0,0.045,0.015,0,0,1,1,0.015,1,4,4,2,5,0,0,7,251.0779708,0,0,1,0,0,0,0,0,0,0,0,1,0,0,0,1,0,3,3,148.0411606,293.360197
2016,38,SW,0,0,0,0,0,0,0,0,0,0,3,3,0,5,0,0,15,883.92743,0,0,1,0,0,0,0,0,0,0,0,1,0,0,0,1,0,3,3,143.9537503,303.5397616
2016,39,SW,0,0,0,0,0,0,0,0,0,0,3,3,0,5,0,0,7,357.3152055,0,0,1,0,0,0,0,0,0,0,0,1,0,0,0,1,0,3,3,142.700561,303.5397616
2016,40,NW,0,0,0,0,0,0,0,0,0,0,3,3,0,1,0,0,4,119.3056524,0,0,0,1,0,0,0,0,0,0,0,1,0,0,1,0,0,2,4,128.8054925,267.6965902
2016,41,NW,0,0,0,0,0,0,0,0,0,0,4,0,0,1,0,0,3,179.3923908,0,0,0,1,0,0,0,0,0,0,0,1,0,0,1,0,0,2,4,127.5556808,301.71192
2016,42,NW,0,0,0,0,0,0,0,0,0,0,4,0,0,1,0,0,3,179.3923908,0,0,0,1,0,0,0,0,0,0,0,1,0,0,1,0,0,2,4,126.0177876,301.71192
2016,43,NW,0,0,0,0,0,0,0,0,0,0,3,3,0,1,0,0,3,59.23701339,0,0,0,1,0,0,0,0,0,0,0,1,0,0,1,0,0,2,4,137.8737258,267.6965902
2016,44,NW,0,0,0,0,0,0,0,0,0,0,4,4,0,1,0,0,3,59.23701339,0,0,0,1,0,0,0,0,0,0,0,1,0,0,1,0,0,2,4,139.4860977,275.5060474
2016,45,NW,0,0,0,0,0,0,0,0,0,0,4,4,0,1,0,0,3,59.23701339,0,0,0,1,0,0,0,0,0,0,0,1,0,0,1,0,0,2,4,138.0027176,275.5060474
2016,46,NW,0,0,0,0,0,0,0,0,0,0,2,0,0,1,0,0,3,59.23701339,0,0,0,1,0,0,0,0,0,0,0,1,0,0,1,0,0,2,4,130.0297082,285.0512918
2016,47,NW,0,0.265,0.975,0.14,0,1,1,1,0.345,1,3,3,1,5,0.0125,1,6,284.0961825,0,0,0,1,0,0,0,0,0,0,0,1,0,0,1,0,0,2,4,188.824196,300.7616943
2016,48,NW,0,0,0,0,0,0,0,0,0,0,4,0,0,1,0,0,3,179.3923908,0,0,0,1,0,0,0,0,0,0,0,1,0,0,1,0,0,2,4,136.8896748,301.71192
2016,49,NW,0,0,0,0,0,0,0,0,0,0,3,3,0,1,0,0,3,59.23701339,0,0,0,1,0,0,0,0,0,0,0,1,0,0,1,0,0,2,4,119.126939,267.6965902
2016,50,NW,0,0,0,0,0,0,0,0,0,0,1,1,0,1,0,0,4,119.3056524,0,0,0,1,0,0,0,0,0,0,0,1,0,0,1,0,0,2,4,129.753484,281.0463533
2016,51,NW,0,0,0,0,0,0,0,0,0,0,3,3,0,1,0,0,3,59.23701339,0,0,0,1,0,0,0,0,0,0,0,1,0,0,1,0,0,2,4,137.9140219,267.6965902
2016,52,NW,0,0,0,0,0,0,0,0,0,0,0,0,0,3,0,0,2,6.356478492,0,0,0,1,0,0,0,0,0,0,0,1,0,0,1,0,0,2,4,127.8878042,330.5053568
2016,53,NE,0,0,0.015,0,0,0,1,0,0.00375,1,2,2,1,3,0,0,3,42.54738635,0,0,0,0,1,0,0,0,0,0,0,1,0,1,0,0,0,1,5,135.314722,257.6048572
2016,54,NE,0,0,0.01,0.45,0,0,1,1,0.115,1,1,1,1,4,0,0,8,475.6543747,0,0,0,0,1,0,0,0,0,0,0,1,0,1,0,0,0,1,5,147.2728471,232.0644648
2016,55,NE,0,0,0,0.005,0,0,0,1,0.00125,1,1,1,1,5,0,0,8,235.1686148,0,0,0,0,1,0,0,0,0,0,0,1,0,1,0,0,0,1,5,140.5181811,234.6156677
2016,56,NE,0,0,0,0.005,0,0,0,1,0.00125,1,3,3,1,5,0,0,4,138.8580006,0,0,0,0,1,0,0,0,0,0,0,1,0,1,0,0,0,1,5,134.1083889,231.4228775
2016,60,NE,0,0.0075,0.99,0.68,0,1,1,1,0.419375,1,4,0,2,4,0.001875,1,12,674.999433,0,0,0,0,1,0,0,0,0,0,0,1,0,1,0,0,0,1,5,128.1987331,95.8862968
2016,61,NE,0,0,0.99,0.505,0,0,1,1,0.37375,1,4,0,2,4,0,0,12,666.0645384,0,0,0,0,1,0,0,0,0,0,0,1,0,1,0,0,0,1,5,117.7037661,4.239821075
2016,62,NE,0,0,0.175,0.46,0,0,1,1,0.15875,1,4,0,2,2,0,0,12,679.8730119,0,0,0,0,1,0,0,0,0,0,0,1,0,1,0,0,0,1,5,126.1527984,40.795678
2016,63,NE,0,0,0.465,0.77,0,0,1,1,0.30875,1,4,0,2,4,0,0,12,674.999433,0,0,0,0,1,0,0,0,0,0,0,1,0,1,0,0,0,1,5,140.16224,84.20833118
2016,64,NE,0,0,0.015,0.15,0,0,1,1,0.04125,1,3,3,1,3,0,0,5,235.1686148,0,0,0,0,1,0,0,0,0,0,0,1,0,1,0,0,0,1,5,106.3852789,247.0040651
2016,65,NW,0,0,0.13,0,0,0,1,0,0.0325,1,5,0,2,3,0,0,8,497.7081132,0,0,0,0,0,1,0,0,0,0,0,1,0,0,1,0,0,2,6,134.7022533,347.0668487
2016,66,NW,0,0,0,0,0,0,0,0,0,0,4,0,0,3,0,0,8,497.7081132,0,0,0,0,0,1,0,0,0,0,0,1,0,0,1,0,0,2,6,136.2074891,334.9674509
2016,67,NW,0,0,0.005,0,0,0,1,0,0.00125,1,4,4,0,3,0,0,8,497.7081132,0,0,0,0,0,1,0,0,0,0,0,1,0,0,1,0,0,2,6,137.9716053,324.2832461
2016,68,NW,0,0,0.015,0,0,0,1,0,0.00375,1,4,0,2,3,0,0,8,497.7081132,0,0,0,0,0,1,0,0,0,0,0,1,0,0,1,0,0,2,6,110.1052632,347.0668487
2016,69,NW,0,0,0,0,0,0,0,0,0,0,3,3,0,3,0,0,6,392.7478683,0,0,0,0,0,1,0,0,0,0,0,1,0,0,1,0,0,2,6,111.4473717,322.7694883
2016,70,NW,0,0,0.005,0,0,0,1,0,0.00125,1,4,0,2,3,0,0,8,392.7478683,0,0,0,0,0,1,0,0,0,0,0,1,0,0,1,0,0,2,6,140.8694041,347.0668487
2016,73,NW,0,0,0,0,0,0,0,0,0,0,3,3,0,5,0,0,6,452.2565781,0,0,0,0,0,1,0,0,0,0,0,1,0,0,1,0,0,2,6,135.5944774,287.7783238
2016,76,SE,0,0,0,0,0,0,0,0,0,0,4,4,0,4,0,0,6,481.245349,0,0,0,0,0,0,1,0,0,0,0,1,0,0,0,0,1,4,7,157.2234836,350.468776
2016,77,SE,0,0,0,0,0,0,0,0,0,0,2,2,0,2,0,0,7,564.0141786,0,0,0,0,0,0,1,0,0,0,0,1,0,0,0,0,1,4,7,141.473484,335.2653526
2016,78,SE,0,0,0,0,0,0,0,0,0,0,1,1,0,5,0,0,6,481.245349,0,0,0,0,0,0,1,0,0,0,0,1,0,0,0,0,1,4,7,152.5229797,350.9418993
2016,79,SE,0,0,0,0,0,0,0,0,0,0,0,0,0,5,0,0,4,260.7556722,0,0,0,0,0,0,1,0,0,0,0,1,0,0,0,0,1,4,7,137.0863868,354.9937921
2016,80,SE,0,0,0,0,0,0,0,0,0,0,1,1,0,1,0,0,6,530.7822942,0,0,0,0,0,0,1,0,0,0,0,1,0,0,0,0,1,4,7,119.3465087,316.531396
2016,81,SE,0,0,0,0,0,0,0,0,0,0,3,3,0,5,0,0,5,431.7084037,0,0,0,0,0,0,1,0,0,0,0,1,0,0,0,0,1,4,7,151.0248749,323.951888
2016,82,SE,0,0,0,0,0,0,0,0,0,0,3,3,0,4,0,0,6,456.4768763,0,0,0,0,0,0,1,0,0,0,0,1,0,0,0,0,1,4,7,119.3667211,344.5806617
2016,83,SE,0,0,0,0,0,0,0,0,0,0,3,3,0,5,0,0,8,651.861381,0,0,0,0,0,0,1,0,0,0,0,1,0,0,0,0,1,4,7,160.2434525,323.951888
2016,84,SE,0,0,0,0.005,0,0,0,1,0.00125,1,1,1,2,3,0,0,6,456.4768763,0,0,0,0,0,0,1,0,0,0,0,1,0,0,0,0,1,4,7,148.6491053,408.043014
2016,85,SE,0,0,0,0,0,0,0,0,0,0,1,1,0,5,0,0,6,555.5507668,0,0,0,0,0,0,1,0,0,0,0,1,0,0,0,0,1,4,7,143.8118847,350.9418993
2016,86,SE,0,0,0.005,0,0,0,1,0,0.00125,1,3,3,2,3,0,0,6,456.4768763,0,0,0,0,0,0,1,0,0,0,0,1,0,0,0,0,1,4,7,138.0741368,392.7140538
2016,87,SE,0,0,0,0,0,0,0,0,0,0,3,3,0,3,0,0,6,431.7084037,0,0,0,0,0,0,1,0,0,0,0,1,0,0,0,0,1,4,7,122.1442083,376.8754537
2016,88,SE,0,0,0,0,0,0,0,0,0,0,1,1,0,3,0,0,6,431.7084037,0,0,0,0,0,0,1,0,0,0,0,1,0,0,0,0,1,4,7,129.3170936,392.1028172
2016,89,SE,0,0,0,0,0,0,0,0,0,0,1,1,0,3,0,0,6,456.4768763,0,0,0,0,0,0,1,0,0,0,0,1,0,0,0,0,1,4,7,160.1187691,392.1028172
2016,90,SE,0,0,0,0,0,0,0,0,0,0,3,3,0,5,0,0,5,431.7084037,0,0,0,0,0,0,1,0,0,0,0,1,0,0,0,0,1,4,7,156.597713,323.951888
2016,91,SE,0,0,0,0,0,0,0,0,0,0,3,3,0,5,0,0,6,456.4768763,0,0,0,0,0,0,1,0,0,0,0,1,0,0,0,0,1,4,7,146.0234895,323.951888
2016,92,SE,0,0,0,0,0,0,0,0,0,0,3,3,0,5,0,0,5,431.7084037,0,0,0,0,0,0,1,0,0,0,0,1,0,0,0,0,1,4,7,136.0153022,323.951888
2016,93,SE,0,0,0,0.005,0,0,0,1,0.00125,1,4,0,2,2,0,0,9,748.1719953,0,0,0,0,0,0,1,0,0,0,0,1,0,0,0,0,1,4,7,120.0537195,364.7878834
2016,94,SE,0,0,0,0,0,0,0,0,0,0,0,0,0,1,0,0,4,92.33005842,0,0,0,0,0,0,1,0,0,0,0,1,0,0,0,0,1,4,7,130.5677087,315.8627613
2016,95,SE,0,0,0,0,0,0,0,0,0,0,3,3,0,2,0,0,5,431.7084037,0,0,0,0,0,0,1,0,0,0,0,1,0,0,0,0,1,4,7,115.8721002,312.8698621
2016,96,SE,0,0,0,0,0,0,0,0,0,0,3,3,0,2,0,0,6,456.4768763,0,0,0,0,0,0,1,0,0,0,0,1,0,0,0,0,1,4,7,143.9666762,312.8698621
2016,97,SE,0,0,0,0,0,0,0,0,0,0,1,1,0,1,0,0,6,456.4768763,0,0,0,0,0,0,1,0,0,0,0,1,0,0,0,0,1,4,7,134.1491796,316.531396
2016,98,SE,0,0,0,0,0,0,0,0,0,0,0,0,0,5,0,0,4,191.4039489,0,0,0,0,0,0,1,0,0,0,0,1,0,0,0,0,1,4,7,149.7531585,354.9937921
2016,99,SE,0,0,0,0,0,0,0,0,0,0,3,3,0,3,0,0,8,539.245706,0,0,0,0,0,0,1,0,0,0,0,1,0,0,0,0,1,4,7,142.1768052,376.8754537
2016,100,SW,0,0,0,0,0,0,0,0,0,0,0,0,0,5,0,0,4,191.4039489,0,0,0,0,0,0,1,0,0,0,0,1,0,0,0,1,0,3,7,157.9686796,331.6974705
2016,101,SW,0,0,0,0,0,0,0,0,0,0,1,1,0,3,0,0,2,246.5960372,0,0,0,0,0,0,0,1,0,0,0,1,0,0,0,1,0,3,9,128.2256263,369.315223
2016,102,SW,0,0,0,0,0,0,0,0,0,0,4,4,0,2,0,0,3,418.7790143,0,0,0,0,0,0,0,1,0,0,0,1,0,0,0,1,0,3,9,136.2027592,316.1554573
2016,104,SW,0,0,0,0,0,0,0,0,0,0,4,4,0,5,0,0,2,377.7641421,0,0,0,0,0,0,0,1,0,0,0,1,0,0,0,1,0,3,9,125.79053,292.3519544
2016,105,SW,0,0,0.015,0,0,0,1,0,0.00375,1,4,0,2,2,0,0,2,56.51550517,0,0,0,0,0,0,0,1,0,0,0,1,0,0,0,1,0,3,9,143.1533531,341.7063522
2016,106,SW,0,0,0,0,0,0,0,0,0,0,4,4,0,2,0,0,2,377.7641421,0,0,0,0,0,0,0,1,0,0,0,1,0,0,0,1,0,3,9,139.6804057,316.1554573
2016,107,SW,0,0,0.005,0,0,0,1,0,0.00125,1,2,0,2,2,0,0,2,240.3905823,0,0,0,0,0,0,0,1,0,0,0,1,0,0,0,1,0,3,9,143.4467201,320.1676557
2016,108,SW,0,0,0.005,0,0,0,1,0,0.00125,1,1,1,1,5,0,0,2,377.7641421,0,0,0,0,0,0,0,1,0,0,0,1,0,0,0,1,0,3,9,138.5676534,329.6303819
2016,110,SW,0,0,0,0,0,0,0,0,0,0,1,1,0,5,0,0,2,377.7641421,0,0,0,0,0,0,0,1,0,0,0,1,0,0,0,1,0,3,9,150.6988673,329.6303819
2016,112,NE,0,0,0,0,0,0,0,0,0,0,3,3,0,2,0,0,5,209.7526146,0,0,0,0,0,0,0,0,1,0,0,1,0,1,0,0,0,1,10,124.1119382,212.522115
2016,113,NE,0,0,0.19,0.295,0,0,1,1,0.12125,1,4,0,2,1,0,0,10,641.0552781,0,0,0,0,0,0,0,0,1,0,0,1,0,1,0,0,0,1,10,95.61571502,50.23586522
2016,114,NW,0,0,0,0.025,0,0,0,1,0.00625,1,1,1,1,2,0,0,7,476.2294619,0,0,0,0,0,0,0,0,1,0,0,1,0,0,1,0,0,2,10,108.5248194,297.9590442
2016,115,NW,0,0.0175,0.63,0.34,0,1,1,1,0.246875,1,3,3,2,3,0.00375,1,9,431.6321747,0,0,0,0,0,0,0,0,1,0,0,1,0,0,1,0,0,2,10,109.5557155,46.82426673
2016,116,NW,0,0,0.05,0.005,0,0,1,1,0.01375,1,3,3,2,5,0,0,5,451.4425093,0,0,0,0,0,0,0,0,1,0,0,1,0,0,1,0,0,2,10,145.9995949,297.9439017
2016,117,NW,0,0,0.665,0.525,0,0,1,1,0.2975,1,4,0,2,1,0,0,10,787.4269496,0,0,0,0,0,0,0,0,1,0,0,1,0,0,1,0,0,2,10,122.8542838,3.926469999
2016,119,NW,0,0,0.665,0.36,0,0,1,1,0.25625,1,4,0,2,1,0,0,10,514.1615801,0,0,0,0,0,0,0,0,1,0,0,1,0,0,1,0,0,2,10,108.4623859,20.51421363
2016,120,NW,0,0,0,0,0,0,0,0,0,0,4,4,0,3,0,0,6,286.7769497,0,0,0,0,0,0,0,0,1,0,0,1,0,0,1,0,0,2,10,131.3007058,346.437151
2016,121,NW,0,0,0.75,0.185,0,0,1,1,0.23375,1,4,0,2,3,0,0,10,897.3006688,0,0,0,0,0,0,0,0,1,0,0,1,0,0,1,0,0,2,10,121.554866,36.00197599
2016,122,NW,0,0,0,0.005,0,0,0,1,0.00125,1,3,3,2,3,0,0,6,237.6009767,0,0,0,0,0,0,0,0,1,0,0,1,0,0,1,0,0,2,10,113.6960908,348.2733391
2016,123,NW,0,0,0,0,0,0,0,0,0,0,3,3,0,5,0,0,6,346.2081419,0,0,0,0,0,0,0,0,1,0,0,1,0,0,1,0,0,2,10,150.2367378,296.7253702
2016,124,NW,0,0,0.085,0.02,0,0,1,1,0.02625,1,4,0,2,3,0,0,10,674.6468216,0,0,0,0,0,0,0,0,1,0,0,1,0,0,1,0,0,2,10,121.7752117,235.937361
2017,1,SW,0,0,0,0,0,0,0,0,0,0,1,1,0,3,0,0,12,1089.645227,1,0,0,0,0,0,0,0,0,0,0,0,1,0,0,1,0,3,1,148.5931328,419.9427579
2017,2,SW,0,0,0,0,0,0,0,0,0,0,3,3,0,3,0,0,12,1089.645227,1,0,0,0,0,0,0,0,0,0,0,0,1,0,0,1,0,3,1,133.5545527,404.4789009
2017,3,SW,0,0,0,0,0,0,0,0,0,0,4,4,0,3,0,0,12,1089.645227,1,0,0,0,0,0,0,0,0,0,0,0,1,0,0,1,0,3,1,175.1221535,412.1351202
2017,4,SW,0,0,0,0,0,0,0,0,0,0,4,4,0,3,0,0,12,1089.645227,1,0,0,0,0,0,0,0,0,0,0,0,1,0,0,1,0,3,1,147.2713536,412.1351202
2017,5,SW,0,0,0,0,0,0,0,0,0,0,2,2,0,3,0,0,12,1089.645227,1,0,0,0,0,0,0,0,0,0,0,0,1,0,0,1,0,3,1,140.4869949,426.0745052
2017,6,SW,0,0,0,0,0,0,0,0,0,0,0,0,0,2,0,0,12,1089.645227,1,0,0,0,0,0,0,0,0,0,0,0,1,0,0,1,0,3,1,134.2370308,337.0112735
2017,7,SE,0,0,0,0,0,0,0,0,0,0,1,1,0,3,0,0,12,1089.645227,1,0,0,0,0,0,0,0,0,0,0,0,1,0,0,0,1,4,1,149.8171902,447.3718908
2017,8,SW,0,0,0,0,0,0,0,0,0,0,1,1,0,2,0,0,12,1089.645227,1,0,0,0,0,0,0,0,0,0,0,0,1,0,0,1,0,3,1,160.9640849,349.1412588
2017,9,SW,0,0,0,0,0,0,0,0,0,0,4,4,0,3,0,0,12,1089.645227,1,0,0,0,0,0,0,0,0,0,0,0,1,0,0,1,0,3,1,160.8796301,412.1351202
2017,10,SW,0,0,0,0,0,0,0,0,0,0,4,4,0,4,0,0,12,1089.645227,1,0,0,0,0,0,0,0,0,0,0,0,1,0,0,1,0,3,1,166.7203811,379.0081828
2017,11,SE,0,0.0025,0,0,0,1,0,0,0.000625,1,1,1,2,2,0.000625,1,12,1089.645227,1,0,0,0,0,0,0,0,0,0,0,0,1,0,0,0,1,4,1,133.3435724,388.5487887
2017,12,SE,0.0025,0.0025,0,0,1,1,0,0,0.00125,1,2,2,2,3,0.000625,1,12,1089.645227,1,0,0,0,0,0,0,0,0,0,0,0,1,0,0,0,1,4,1,145.3463382,473.0685801
2017,13,NE,0,0,0,0.005,0,0,0,1,0.00125,1,4,4,2,3,0,0,12,1089.645227,1,0,0,0,0,0,0,0,0,0,0,0,1,1,0,0,0,1,1,142.2538367,312.8025553
2017,14,NE,0,0,0,0,0,0,0,0,0,0,3,3,0,4,0,0,12,1089.645227,1,0,0,0,0,0,0,0,0,0,0,0,1,1,0,0,0,1,1,157.733854,273.5163003
2017,15,SE,0,0,0,0,0,0,0,0,0,0,3,3,0,3,0,0,12,1089.645227,1,0,0,0,0,0,0,0,0,0,0,0,1,0,0,0,1,4,1,147.4869637,426.5252652
2017,16,SW,0,0,0,0,0,0,0,0,0,0,1,1,0,2,0,0,12,1089.645227,1,0,0,0,0,0,0,0,0,0,0,0,1,0,0,1,0,3,1,146.5701791,349.1412588
2017,17,SE,0,0,0,0,0,0,0,0,0,0,1,1,0,5,0,0,12,1236.553504,1,0,0,0,0,0,0,0,0,0,0,0,1,0,0,0,1,4,1,146.4853455,396.1895047
2017,18,SE,0,0,0,0,0,0,0,0,0,0,1,1,0,5,0,0,12,1236.553504,1,0,0,0,0,0,0,0,0,0,0,0,1,0,0,0,1,4,1,147.284342,396.1895047
2017,19,SE,0,0,0,0,0,0,0,0,0,0,4,4,0,5,0,0,12,1089.645227,1,0,0,0,0,0,0,0,0,0,0,0,1,0,0,0,1,4,1,148.947581,350.7754126
2017,20,SE,0,0,0,0,0,0,0,0,0,0,3,3,0,3,0,0,12,1089.645227,1,0,0,0,0,0,0,0,0,0,0,0,1,0,0,0,1,4,1,153.3296816,426.5252652
2017,21,SW,0,0,0,0,0,0,0,0,0,0,3,3,0,3,0,0,12,1089.645227,1,0,0,0,0,0,0,0,0,0,0,0,1,0,0,1,0,3,1,152.0623865,404.4789009
2017,22,NE,0,0,0.25,0,0,0,1,0,0.0625,1,1,1,2,5,0,0,6,704.4488523,0,1,0,0,0,0,0,0,0,0,0,0,1,1,0,0,0,1,2,136.804601,150.8691213
2017,23,NE,0,0,0,0,0,0,0,0,0,0,0,0,0,3,0,0,13,996.244506,0,1,0,0,0,0,0,0,0,0,0,0,1,1,0,0,0,1,2,132.336564,282.0836723
2017,24,NE,0,0.005,0,0.085,0,1,0,1,0.0225,1,4,4,2,3,0,0,12,944.5378232,0,1,0,0,0,0,0,0,0,0,0,0,1,1,0,0,0,1,2,62.60146469,355.0371329
2017,25,SE,0,0.0025,0.21,0.005,0,1,1,1,0.054375,1,2,2,2,5,0.000625,1,10,868.1867502,0,1,0,0,0,0,0,0,0,0,0,0,1,0,0,0,1,4,2,101.1887274,412.7868239
2017,26,NE,0,0,0,0,0,0,0,0,0,0,2,0,0,1,0,0,9,646.2225064,0,1,0,0,0,0,0,0,0,0,0,0,1,1,0,0,0,1,2,145.8014025,208.7071817
2017,27,SE,0,0,0.005,0,0,0,1,0,0.00125,1,4,0,2,1,0,0,8,777.3702457,0,1,0,0,0,0,0,0,0,0,0,0,1,0,0,0,1,4,2,118.1455806,407.3806248
2017,28,SE,0,0,0,0,0,0,0,0,0,0,4,0,0,1,0,0,8,777.3702457,0,1,0,0,0,0,0,0,0,0,0,0,1,0,0,0,1,4,2,133.565593,401.7982283
2017,29,NE,0,0,0,0,0,0,0,0,0,0,3,3,0,2,0,0,8,655.3830762,0,1,0,0,0,0,0,0,0,0,0,0,1,1,0,0,0,1,2,118.7290145,244.5273125
2017,30,NE,0.005,0,0.015,0.025,1,0,1,1,0.01125,1,5,0,2,1,0.00125,1,12,827.6559762,0,1,0,0,0,0,0,0,0,0,0,0,1,1,0,0,0,1,2,150.0915369,268.1991408
2017,31,NE,0,0,0.03,0.005,0,0,1,1,0.00875,1,4,0,2,3,0,0,8,566.7662241,0,1,0,0,0,0,0,0,0,0,0,0,1,1,0,0,0,1,2,146.3102909,335.0212756
2017,32,NE,0,0,0.015,0.035,0,0,1,1,0.0125,1,4,4,2,2,0,0,12,547.8794852,0,1,0,0,0,0,0,0,0,0,0,0,1,1,0,0,0,1,2,144.430108,275.9493774
2017,33,NE,0,0,0.02,0,0,0,1,0,0.005,1,3,3,2,2,0,0,8,655.6993309,0,1,0,0,0,0,0,0,0,0,0,0,1,1,0,0,0,1,2,145.8238934,253.4971376
2017,34,NE,0,0,0.005,0.045,0,0,1,1,0.0125,1,4,4,2,2,0,0,12,708.2405099,0,1,0,0,0,0,0,0,0,0,0,0,1,1,0,0,0,1,2,119.5547229,275.9493774
2017,35,SW,0,0,0,0.013333333,0,0,0,1,0.003333333,1,3,3,2,3,0,0,8,709.5539668,0,0,1,0,0,0,0,0,0,0,0,0,1,0,0,1,0,3,3,163.456789,444.6178236
2017,36,SW,0,0,0,0,0,0,0,0,0,0,3,3,0,1,0,0,8,709.5539668,0,0,1,0,0,0,0,0,0,0,0,0,1,0,0,1,0,3,3,146.0295885,325.9829412
2017,37,SW,0,0,0,0,0,0,0,0,0,0,1,1,0,1,0,0,8,709.5539668,0,0,1,0,0,0,0,0,0,0,0,0,1,0,0,1,0,3,3,139.7756744,344.6364048
2017,38,SW,0,0,0,0.115,0,0,0,1,0.02875,1,3,3,2,3,0,0,8,709.5539668,0,0,1,0,0,0,0,0,0,0,0,0,1,0,0,1,0,3,3,158.3118908,444.6178236
2017,39,SW,0,0,0,0,0,0,0,0,0,0,4,4,0,2,0,0,13,888.2005377,0,0,1,0,0,0,0,0,0,0,0,0,1,0,0,1,0,3,3,136.4386222,350.1527286
2017,40,SW,0,0,0,0,0,0,0,0,0,0,4,4,0,2,0,0,13,888.2005377,0,0,1,0,0,0,0,0,0,0,0,0,1,0,0,1,0,3,3,130.1969796,350.1527286
2017,41,SW,0,0,0,0,0,0,0,0,0,0,3,3,0,3,0,0,8,709.5539668,0,0,1,0,0,0,0,0,0,0,0,0,1,0,0,1,0,3,3,140.7208709,429.333649
2017,42,SW,0,0,0,0,0,0,0,0,0,0,3,3,0,2,0,0,8,175.8817937,0,0,1,0,0,0,0,0,0,0,0,0,1,0,0,1,0,3,3,130.4088372,338.0974441
2017,43,SW,0,0,0,0,0,0,0,0,0,0,1,0,0,1,0,0,8,709.5539668,0,0,1,0,0,0,0,0,0,0,0,0,1,0,0,1,0,3,3,146.1331722,335.2600198
2017,44,NW,0,0,0,0,0,0,0,0,0,0,3,3,0,1,0,0,8,587.8591467,0,0,0,1,0,0,0,0,0,0,0,0,1,0,1,0,0,2,4,141.1259385,303.1614892
2017,45,NW,0,0,0,0,0,0,0,0,0,0,4,0,0,1,0,0,5,131.6237099,0,0,0,1,0,0,0,0,0,0,0,0,1,0,1,0,0,2,4,137.1688525,325.6726837
2017,46,NW,0,0,0,0.005,0,0,0,1,0.00125,1,4,0,2,1,0,0,5,188.0807936,0,0,0,1,0,0,0,0,0,0,0,0,1,0,1,0,0,2,4,133.4085193,329.215219
2017,47,NW,0,0,0,0,0,0,0,0,0,0,3,3,0,1,0,0,3,25.74373789,0,0,0,1,0,0,0,0,0,0,0,0,1,0,1,0,0,2,4,126.8108665,303.1614892
2017,48,NW,0,0,0,0,0,0,0,0,0,0,4,4,0,1,0,0,5,131.6237099,0,0,0,1,0,0,0,0,0,0,0,0,1,0,1,0,0,2,4,128.7358877,303.2135317
2017,49,NW,0,0,0,0,0,0,0,0,0,0,4,4,0,1,0,0,6,225.5852848,0,0,0,1,0,0,0,0,0,0,0,0,1,0,1,0,0,2,4,131.2450253,303.2135317
2017,50,NW,0,0,0,0,0,0,0,0,0,0,2,0,0,1,0,0,4,37.66213506,0,0,0,1,0,0,0,0,0,0,0,0,1,0,1,0,0,2,4,115.3105502,313.3899759
2017,51,NW,0,0,0,0.005,0,0,0,1,0.00125,1,3,3,2,1,0,0,5,271.7837917,0,0,0,1,0,0,0,0,0,0,0,0,1,0,1,0,0,2,4,147.9383733,307.5410475
2017,52,NW,0,0,0,0,0,0,0,0,0,0,4,0,0,1,0,0,5,188.0807936,0,0,0,1,0,0,0,0,0,0,0,0,1,0,1,0,0,2,4,123.6213282,325.6726837
2017,53,NW,0,0,0,0,0,0,0,0,0,0,3,3,0,1,0,0,3,119.7053128,0,0,0,1,0,0,0,0,0,0,0,0,1,0,1,0,0,2,4,131.4827677,303.1614892
2017,54,NW,0,0,0,0,0,0,0,0,0,0,1,1,0,1,0,0,6,225.5852848,0,0,0,1,0,0,0,0,0,0,0,0,1,0,1,0,0,2,4,140.7388026,319.1907477
2017,55,NW,0,0,0,0,0,0,0,0,0,0,3,3,0,1,0,0,3,131.6237099,0,0,0,1,0,0,0,0,0,0,0,0,1,0,1,0,0,2,4,135.3576353,303.1614892
2017,56,NW,0,0,0,0,0,0,0,0,0,0,0,0,0,1,0,0,4,44.81317337,0,0,0,1,0,0,0,0,0,0,0,0,1,0,1,0,0,2,4,131.9444657,312.305816
2017,57,NE,0,0,0,0.04,0,0,0,1,0.01,1,2,2,2,5,0,0,6,117.1990355,0,0,0,0,1,0,0,0,0,0,0,0,1,1,0,0,0,1,5,135.0718494,314.4241585
2017,58,NE,0,0,0,0.005,0,0,0,1,0.00125,1,1,1,2,1,0,0,12,480.9813159,0,0,0,0,1,0,0,0,0,0,0,0,1,1,0,0,0,1,5,136.8598745,207.1096677
2017,59,NE,0,0,0,0,0,0,0,0,0,0,1,1,0,1,0,0,12,471.9689957,0,0,0,0,1,0,0,0,0,0,0,0,1,1,0,0,0,1,5,139.7352372,196.6895747
2017,60,NE,0,0,0,0,0,0,0,0,0,0,3,3,0,3,0,0,9,241.7163016,0,0,0,0,1,0,0,0,0,0,0,0,1,1,0,0,0,1,5,126.496506,305.264444
2017,61,NW,0,0,0,0,0,0,0,0,0,0,3,3,0,5,0,0,9,338.0269158,0,0,0,0,1,0,0,0,0,0,0,0,1,0,1,0,0,2,5,147.3602383,340.9630715
2017,63,NE,0,0.0125,0.37,0.9,0,1,1,1,0.320625,1,4,4,2,5,0.003125,1,11,461.5763669,0,0,0,0,1,0,0,0,0,0,0,0,1,1,0,0,0,1,5,175.3413567,200.9232962
2017,64,NE,0,0,0,0,0,0,0,0,0,0,1,1,0,1,0,0,9,348.7731313,0,0,0,0,1,0,0,0,0,0,0,0,1,1,0,0,0,1,5,153.4632747,196.6895747
2017,65,NE,0,0,0,0,0,0,0,0,0,0,1,1,0,1,0,0,9,252.4625171,0,0,0,0,1,0,0,0,0,0,0,0,1,1,0,0,0,1,5,138.488525,196.6895747
2017,66,NE,0,0,0,0.04,0,0,0,1,0.01,1,4,0,2,1,0,0,11,567.2120322,0,0,0,0,1,0,0,0,0,0,0,0,1,1,0,0,0,1,5,124.7523725,233.8553466
2017,67,NE,0,0,0.015,0.33,0,0,1,1,0.08625,1,4,0,2,1,0,0,11,570.3902715,0,0,0,0,1,0,0,0,0,0,0,0,1,1,0,0,0,1,5,133.1194277,233.8553466
2017,68,NE,0,0,0.04,0.505,0,0,1,1,0.13625,1,4,0,2,1,0,0,11,567.2120322,0,0,0,0,1,0,0,0,0,0,0,0,1,1,0,0,0,1,5,140.658553,233.8553466
2017,69,NE,0,0,0.005,0.01,0,0,1,1,0.00375,1,4,0,2,1,0,0,11,570.3902715,0,0,0,0,1,0,0,0,0,0,0,0,1,1,0,0,0,1,5,128.1525218,233.8553466
2017,70,NE,0,0,0.045,0.025,0,0,1,1,0.0175,1,3,3,2,1,0,0,11,445.6125539,0,0,0,0,1,0,0,0,0,0,0,0,1,1,0,0,0,1,5,140.7974548,218.182692
2017,71,NW,0,0,0,0,0,0,0,0,0,0,5,0,0,1,0,0,6,458.0769825,0,0,0,0,0,1,0,0,0,0,0,0,1,0,1,0,0,2,6,127.4383042,323.6878844
2017,72,NW,0,0,0,0,0,0,0,0,0,0,4,0,0,1,0,0,6,458.0769825,0,0,0,0,0,1,0,0,0,0,0,0,1,0,1,0,0,2,6,142.6874211,323.6878844
2017,73,NW,0,0,0,0,0,0,0,0,0,0,4,4,0,1,0,0,6,458.0769825,0,0,0,0,0,1,0,0,0,0,0,0,1,0,1,0,0,2,6,142.4044445,301.3469988
2017,74,NW,0,0,0,0,0,0,0,0,0,0,4,0,0,1,0,0,6,458.0769825,0,0,0,0,0,1,0,0,0,0,0,0,1,0,1,0,0,2,6,145.2903041,323.6878844
2017,75,NW,0,0,0,0,0,0,0,0,0,0,3,3,0,1,0,0,6,458.0769825,0,0,0,0,0,1,0,0,0,0,0,0,1,0,1,0,0,2,6,145.0627221,301.1535476
2017,76,NW,0,0,0,0.005,0,0,0,1,0.00125,1,4,0,2,1,0,0,6,326.738211,0,0,0,0,0,1,0,0,0,0,0,0,1,0,1,0,0,2,6,131.0921629,327.265308
2017,77,NW,0,0,0,0,0,0,0,0,0,0,1,1,0,1,0,0,7,502.1440949,0,0,0,0,0,1,0,0,0,0,0,0,1,0,1,0,0,2,6,126.4895002,317.1104208
2017,78,NW,0,0,0,0,0,0,0,0,0,0,4,0,0,1,0,0,6,370.8053234,0,0,0,0,0,1,0,0,0,0,0,0,1,0,1,0,0,2,6,130.3556394,323.6878844
2017,79,NW,0,0,0,0,0,0,0,0,0,0,3,3,0,1,0,0,6,458.0769825,0,0,0,0,0,1,0,0,0,0,0,0,1,0,1,0,0,2,6,133.218334,301.1535476
2017,80,NW,0,0,0,0,0,0,0,0,0,0,3,3,0,1,0,0,4,326.738211,0,0,0,0,0,1,0,0,0,0,0,0,1,0,1,0,0,2,6,117.618431,301.1535476
2017,81,NW,0,0,0,0,0,0,0,0,0,0,1,1,0,1,0,0,7,326.738211,0,0,0,0,0,1,0,0,0,0,0,0,1,0,1,0,0,2,6,141.260879,317.1104208
2017,82,SE,0,0,0,0,0,0,0,0,0,0,2,2,0,2,0,0,7,658.0923648,0,0,0,0,0,0,1,0,0,0,0,0,1,0,0,0,1,4,7,122.5990966,384.1868788
2017,84,SE,0,0,0,0,0,0,0,0,0,0,0,0,0,3,0,0,6,379.6230511,0,0,0,0,0,0,1,0,0,0,0,0,1,0,0,0,1,4,7,141.6012636,442.4707253
2017,86,SW,0,0,0,0,0,0,0,0,0,0,3,3,0,5,0,0,6,469.5771869,0,0,0,0,0,0,1,0,0,0,0,0,1,0,0,1,0,3,7,146.5619654,359.9252251
2017,87,SE,0,0,0,0,0,0,0,0,0,0,3,3,0,2,0,0,7,718.6027835,0,0,0,0,0,0,1,0,0,0,0,0,1,0,0,0,1,4,7,149.1242836,358.6101313
2017,88,SE,0,0,0,0,0,0,0,0,0,0,3,3,0,5,0,0,8,763.5227337,0,0,0,0,0,0,1,0,0,0,0,0,1,0,0,0,1,4,7,144.8811105,378.6387312
2017,90,SE,0,0,0,0,0,0,0,0,0,0,3,3,0,2,0,0,6,475.9336654,0,0,0,0,0,0,1,0,0,0,0,0,1,0,0,0,1,4,7,139.4331061,358.6101313
2017,91,SE,0,0,0,0,0,0,0,0,0,0,1,1,0,1,0,0,7,664.4488432,0,0,0,0,0,0,1,0,0,0,0,0,1,0,0,0,1,4,7,138.0856772,363.8779417
2017,92,SE,0,0,0,0,0,0,0,0,0,0,3,3,0,3,0,0,8,763.5227337,0,0,0,0,0,0,1,0,0,0,0,0,1,0,0,0,1,4,7,154.614883,447.5422179
2017,93,SE,0,0,0,0,0,0,0,0,0,0,3,3,0,3,0,0,8,602.198941,0,0,0,0,0,0,1,0,0,0,0,0,1,0,0,0,1,4,7,179.416607,447.5422179
2017,94,SE,0,0,0,0,0,0,0,0,0,0,1,1,0,3,0,0,7,664.4488432,0,0,0,0,0,0,1,0,0,0,0,0,1,0,0,0,1,4,7,148.6344894,465.1407352
2017,95,SE,0,0,0,0.005,0,0,0,1,0.00125,1,1,1,2,3,0,0,8,763.5227337,0,0,0,0,0,0,1,0,0,0,0,0,1,0,0,0,1,4,7,150.8653382,479.9782287
2017,96,SE,0,0,0,0.01,0,0,0,1,0.0025,1,1,1,2,1,0,0,7,664.4488432,0,0,0,0,0,0,1,0,0,0,0,0,1,0,0,0,1,4,7,133.538349,370.8515384
2017,97,SE,0,0,0,0.06,0,0,0,1,0.015,1,3,3,2,2,0,0,7,868.9531026,0,0,0,0,0,0,1,0,0,0,0,0,1,0,0,0,1,4,7,149.092699,365.6019816
2017,98,SE,0,0,0,0.01,0,0,0,1,0.0025,1,3,3,2,5,0,0,6,713.9857885,0,0,0,0,0,0,1,0,0,0,0,0,1,0,0,0,1,4,7,153.5207541,378.6414885
2017,99,SE,0,0,0.005,0.01,0,0,1,1,0.00375,1,3,3,2,2,0,0,7,868.9531026,0,0,0,0,0,0,1,0,0,0,0,0,1,0,0,0,1,4,7,162.0732027,365.6019816
2017,100,SE,0,0.0025,0,0.22,0,1,0,1,0.055625,1,4,0,2,3,0.000625,1,10,911.1097766,0,0,0,0,0,0,1,0,0,0,0,0,1,0,0,0,1,4,7,107.7852172,488.3373261
2017,101,SE,0,0,0,0,0,0,0,0,0,0,0,0,0,2,0,0,6,469.5771869,0,0,0,0,0,0,1,0,0,0,0,0,1,0,0,0,1,4,7,148.6572788,367.7565561
2017,102,SE,0,0,0,0.015,0,0,0,1,0.00375,1,3,3,2,2,0,0,7,868.9531026,0,0,0,0,0,0,1,0,0,0,0,0,1,0,0,0,1,4,7,131.2999222,365.6019816
2017,103,SE,0,0,0,0,0,0,0,0,0,0,3,3,0,5,0,0,8,757.1662552,0,0,0,0,0,0,1,0,0,0,0,0,1,0,0,0,1,4,7,149.9449453,378.6387312
2017,105,SE,0,0,0,0,0,0,0,0,0,0,0,0,0,2,0,0,6,451.1651927,0,0,0,0,0,0,1,0,0,0,0,0,1,0,0,0,1,4,7,137.4878245,367.7565561
2017,106,SE,0,0,0,0.025,0,0,0,1,0.00625,1,3,3,2,2,0,0,6,670.8053217,0,0,0,0,0,0,1,0,0,0,0,0,1,0,0,0,1,4,7,131.7435492,365.6019816
2017,107,SW,0,0,0,0,0,0,0,0,0,0,4,0,0,3,0,0,10,658.0923648,0,0,0,0,0,0,1,0,0,0,0,0,1,0,0,1,0,3,7,154.0912268,442.1285765
2017,108,SW,0,0,0,0,0,0,0,0,0,0,0,0,0,3,0,0,6,531.8270891,0,0,0,0,0,0,1,0,0,0,0,0,1,0,0,1,0,3,7,159.3984844,415.3139445
2017,111,SW,0,0,0,0.27,0,0,0,1,0.0675,1,1,1,2,2,0,0,5,215.1480517,0,0,0,0,0,0,0,1,0,0,0,0,1,0,0,1,0,3,9,138.0010388,365.0348932
2017,112,SW,0,0,0,0.19,0,0,0,1,0.0475,1,4,4,2,4,0,0,8,398.8259919,0,0,0,0,0,0,0,1,0,0,0,0,1,0,0,1,0,3,9,162.896225,401.6579289
2017,114,SW,0,0,0,0.83,0,0,0,1,0.2075,1,4,4,2,1,0,0,1,93.96157486,0,0,0,0,0,0,0,1,0,0,0,0,1,0,0,1,0,3,9,148.4988302,345.9205311
2017,115,SW,0,0,0,0,0,0,0,0,0,0,4,0,0,2,0,0,5,232.3744842,0,0,0,0,0,0,0,1,0,0,0,0,1,0,0,1,0,3,9,118.8439794,366.2878473
2017,116,SW,0,0,0,0.005,0,0,0,1,0.00125,1,4,4,2,1,0,0,7,358.0744366,0,0,0,0,0,0,0,1,0,0,0,0,1,0,0,1,0,3,9,133.9603163,345.9205311
2017,117,SW,0,0,0,0,0,0,0,0,0,0,2,0,0,1,0,0,2,100.3180533,0,0,0,0,0,0,0,1,0,0,0,0,1,0,0,1,0,3,9,155.8372917,336.3089402
2017,118,SW,0,0,0,0,0,0,0,0,0,0,1,1,0,1,0,0,1,93.96157486,0,0,0,0,0,0,0,1,0,0,0,0,1,0,0,1,0,3,9,130.356896,344.6364048
2017,119,SW,0,0,0,0,0,0,0,0,0,0,0,0,0,1,0,0,5,232.3744842,0,0,0,0,0,0,0,1,0,0,0,0,1,0,0,1,0,3,9,138.27565,335.2600198
2017,120,SW,0,0,0,0,0,0,0,0,0,0,1,1,0,1,0,0,1,93.96157486,0,0,0,0,0,0,0,1,0,0,0,0,1,0,0,1,0,3,9,133.9725512,344.6364048
2017,121,SW,0,0,0,0,0,0,0,0,0,0,3,3,0,1,0,0,5,232.3744842,0,0,0,0,0,0,0,1,0,0,0,0,1,0,0,1,0,3,9,137.4597059,325.9829412
2017,123,NW,0,0,0,0.245,0,0,0,1,0.06125,1,2,2,2,1,0,0,9,420.3450792,0,0,0,0,0,0,0,0,1,0,0,0,1,0,1,0,0,2,10,122.6171134,329.0579513
2017,124,NE,0,0,0,0.015,0,0,0,1,0.00375,1,3,3,2,1,0,0,7,218.7532379,0,0,0,0,0,0,0,0,1,0,0,0,1,1,0,0,0,1,10,143.3813497,229.8753609
2017,125,NE,0,0,0.01,0.12,0,0,1,1,0.0325,1,4,0,2,2,0,0,13,662.0846256,0,0,0,0,0,0,0,0,1,0,0,0,1,1,0,0,0,1,10,145.010386,254.5132189
2017,126,NW,0,0,0,0,0,0,0,0,0,0,1,1,0,1,0,0,7,213.3182608,0,0,0,0,0,0,0,0,1,0,0,0,1,0,1,0,0,2,10,124.15755,319.3551543
2017,127,NW,0.0025,0,0.015,0.035,1,0,1,1,0.013125,1,3,3,2,3,0.000625,1,10,435.1107837,0,0,0,0,0,0,0,0,1,0,0,0,1,0,1,0,0,2,10,150.3230654,408.5944036
2017,128,NW,0,0,0.005,0,0,0,1,0,0.00125,1,3,3,2,3,0,0,7,253.2061029,0,0,0,0,0,0,0,0,1,0,0,0,1,0,1,0,0,2,10,141.5478824,397.24841
2017,129,NW,0,0,0.045,0.24,0,0,1,1,0.07125,1,4,0,2,1,0,0,13,473.8702569,0,0,0,0,0,0,0,0,1,0,0,0,1,0,1,0,0,2,10,130.3261933,335.5672104
2017,132,NW,0,0,0.01,0.005,0,0,1,1,0.00375,1,4,4,2,2,0,0,7,213.3182608,0,0,0,0,0,0,0,0,1,0,0,0,1,0,1,0,0,2,10,128.4378925,327.9181306
2017,133,NW,0,0,0.015,0.265,0,0,1,1,0.07,1,4,0,2,1,0,0,13,749.7820235,0,0,0,0,0,0,0,0,1,0,0,0,1,0,1,0,0,2,10,114.9281226,335.5672104
2017,134,NW,0,0,0,0.1,0,0,0,1,0.025,1,3,3,2,5,0,0,6,187.478612,0,0,0,0,0,0,0,0,1,0,0,0,1,0,1,0,0,2,10,145.8982835,336.4011808
2017,135,NW,0,0,0,0,0,0,0,0,0,0,3,3,0,5,0,0,6,183.6254582,0,0,0,0,0,0,0,0,1,0,0,0,1,0,1,0,0,2,10,132.6777161,335.6634583
2017,136,NW,0,0,0.005,0,0,0,1,0,0.00125,1,4,0,2,2,0,0,13,614.3570699,0,0,0,0,0,0,0,0,1,0,0,0,1,0,1,0,0,2,10,98.81683061,335.8350642
