Quadrant,predictions
SE,138.5190858
SE,139.6213133
NE,112.8815219
SE,138.5399185
NE,180.2892637
SE,154.8484816
NE,140.9570574
SE,120.9611358
SE,117.6392602
SE,137.2635461
SE,164.3956242
SE,51.81437439
SE,127.2352743
NE,235.2458589
NE,162.8576776
SE,141.7593204
SE,129.1123021
SE,119.2945417
NE,89.46140674
NE,-11.32214981
NE,129.6471508
NE,132.5835729
NE,159.6603982
NW,112.4000309
NW,117.0702483
NW,144.0359707
NW,134.5427468
NW,131.4364178
NW,143.9102302
NW,130.0789159
NW,122.3385317
NW,143.6180986
NW,125.5490192
NE,153.0331324
NE,132.8678906
NE,134.3181855
NE,126.4686913
NE,126.6781872
NE,121.9750785
NE,141.8711205
NE,115.5702082
NE,113.2020342
NE,120.5318625
NW,131.5209885
NW,132.3704878
NW,141.7529513
NW,135.6164683
NW,133.1245453
NW,102.522981
NW,126.6225172
NW,126.9516388
NW,107.2400729
NW,129.8481782
NW,133.5676007
SE,128.6707746
SE,134.1472937
SE,150.4802063
SE,153.9906088
SE,136.7476768
SE,132.5346665
SE,116.8863929
SE,142.0902183
SE,155.6782967
SE,131.8886383
SE,140.0085402
SE,153.0428078
SE,145.0115281
SE,114.5990165
SE,154.3333122
SE,130.7590916
SE,128.8347861
SE,121.8840005
SE,133.0387014
SE,152.9270091
SE,155.1764563
SE,131.0215488
SE,128.2553234
NE,124.1664349
NE,115.8259365
NW,144.72286
NW,91.76724349
NW,131.8919291
NW,94.00711544
NW,111.7292444
NW,117.5199112
NW,137.6026469
NW,96.80019719
NW,166.797325
NW,155.7794313
NW,119.829724
NW,158.0861208
SE,179.4311424
SE,148.8753838
NE,143.7275998
SE,152.9724092
NE,139.696133
NE,157.4893464
SE,147.2328851
SE,165.5273424
SE,149.7686715
SE,138.0088636
SE,146.625377
NE,142.1710569
NE,165.7317623
SE,131.4130133
SE,141.052109
SE,151.6612201
NE,128.1007421
NE,110.2976742
NE,111.7321348
NE,134.2828781
NE,114.3878999
NE,154.5192412
NW,135.666823
NW,123.9175444
NW,118.3928397
NW,145.5079066
NW,130.2119005
NW,129.2294531
NW,134.0045282
NW,132.1126688
NW,129.2016757
NW,143.3093677
NW,129.6210564
NE,159.2269157
NE,144.3335575
NE,149.0163168
NE,156.5217088
NE,154.6345203
NE,150.3807727
NE,115.3623513
NE,150.8656403
NE,140.8867286
NW,123.3541031
NW,125.0291728
NW,140.7474167
NW,125.592856
NW,123.614064
NW,126.7583331
NW,140.7260305
NW,146.0823102
NW,129.9435787
NW,126.6467228
NW,144.7976906
SE,147.3468552
SE,141.9986663
SE,158.6553508
SE,163.814252
SE,141.9137499
SE,148.7426488
SE,150.0691845
SE,152.3451993
SE,166.7275032
SE,157.1034438
SE,145.7253355
SE,174.0699175
SE,143.3384297
SE,142.0727797
SE,145.8357655
SE,139.9799187
SE,141.3922773
SE,150.1578539
SE,179.2876917
SE,152.3614054
SE,153.500171
SE,141.5778106
SE,147.6339071
SE,161.4012321
SE,145.3043865
SE,160.4198439
SE,157.9819257
NW,154.0781386
NE,155.690504
NW,132.8274327
NW,134.2231364
NW,132.730916
NW,92.20388754
NW,100.4402718
NW,178.8145575
NW,144.1096036
NW,132.3685166
NW,138.8578704
NW,114.9083434
NW,116.7318738
SE,140.1452878
SE,157.4958571
NE,150.5219597
SE,141.202299
NE,151.6609059
NE,141.8847609
SE,128.9304036
SE,160.7498601
SE,138.2062434
SE,145.1556273
SE,148.4720581
NE,133.0501728
NE,123.6767554
NE,129.6143867
SE,137.169756
SE,113.6520634
NE,120.0846403
NE,221.937268
NE,68.69391729
NE,135.8696416
NE,142.886324
NE,141.7423028
NW,128.8054925
NW,127.5556808
NW,126.0177876
NW,137.8737258
NW,139.4860977
NW,138.0027176
NW,130.0297082
NW,188.824196
NW,136.8896748
NW,119.126939
NW,129.753484
NW,137.9140219
NW,127.8878042
NE,135.314722
NE,147.2728471
NE,140.5181811
NE,134.1083889
NE,128.1987331
NE,117.7037661
NE,126.1527984
NE,140.16224
NE,106.3852789
NW,134.7022533
NW,136.2074891
NW,137.9716053
NW,110.1052632
NW,111.4473717
NW,140.8694041
NW,135.5944774
SE,157.2234836
SE,141.473484
SE,152.5229797
SE,137.0863868
SE,119.3465087
SE,151.0248749
SE,119.3667211
SE,160.2434525
SE,148.6491053
SE,143.8118847
SE,138.0741368
SE,122.1442083
SE,129.3170936
SE,160.1187691
SE,156.597713
SE,146.0234895
SE,136.0153022
SE,120.0537195
SE,130.5677087
SE,115.8721002
SE,143.9666762
SE,134.1491796
SE,149.7531585
SE,142.1768052
NE,124.1119382
NE,95.61571502
NW,108.5248194
NW,109.5557155
NW,145.9995949
NW,122.8542838
NW,108.4623859
NW,131.3007058
NW,121.554866
NW,113.6960908
NW,150.2367378
NW,121.7752117
SE,149.8171902
SE,133.3435724
SE,145.3463382
NE,142.2538367
NE,157.733854
SE,147.4869637
SE,146.4853455
SE,147.284342
SE,148.947581
SE,153.3296816
NE,136.804601
NE,132.336564
NE,62.60146469
SE,101.1887274
NE,145.8014025
SE,118.1455806
SE,133.565593
NE,118.7290145
NE,150.0915369
NE,146.3102909
NE,144.430108
NE,145.8238934
NE,119.5547229
NW,141.1259385
NW,137.1688525
NW,133.4085193
NW,126.8108665
NW,128.7358877
NW,131.2450253
NW,115.3105502
NW,147.9383733
NW,123.6213282
NW,131.4827677
NW,140.7388026
NW,135.3576353
NW,131.9444657
NE,135.0718494
NE,136.8598745
NE,139.7352372
NE,126.496506
NW,147.3602383
NE,175.3413567
NE,153.4632747
NE,138.488525
NE,124.7523725
NE,133.1194277
NE,140.658553
NE,128.1525218
NE,140.7974548
NW,127.4383042
NW,142.6874211
NW,142.4044445
NW,145.2903041
NW,145.0627221
NW,131.0921629
NW,126.4895002
NW,130.3556394
NW,133.218334
NW,117.618431
NW,141.260879
SE,122.5990966
SE,141.6012636
SE,149.1242836
SE,144.8811105
SE,139.4331061
SE,138.0856772
SE,154.614883
SE,179.416607
SE,148.6344894
SE,150.8653382
SE,133.538349
SE,149.092699
SE,153.5207541
SE,162.0732027
SE,107.7852172
SE,148.6572788
SE,131.2999222
SE,149.9449453
SE,137.4878245
SE,131.7435492
NW,122.6171134
NE,143.3813497
NE,145.010386
NW,124.15755
NW,150.3230654
NW,141.5478824
NW,130.3261933
NW,128.4378925
NW,114.9281226
NW,145.8982835
NW,132.6777161
NW,98.81683061
